result_id,group_id,group_by,metric_length_in_chars,metric_length_in_words,metric_length_in_unique_words,metric_length_in_concepts,metric_length_in_sentences,metric_avg_word_length_in_chars,metric_avg_sentence_length_in_chars,metric_avg_sentence_length_in_words,metric_avg_sentence_length_in_unique_words,metric_dsi,metric_surprise,metric_raw_surprises,metric_n_gram_diversity,metric_pos_diversity,metric_avg_dep_num_clauses,metric_max_dep_num_clauses,metric_avg_dep_path_length,metric_max_dep_path_length,metric_inv_homogen,metric_novelty,metric_theme_uniqueness,metric_length_in_first_person_singular,metric_length_in_first_person_plural,metric_length_in_second_person,metric_length_in_third_person_singular,metric_length_in_third_person_plural,metric_length_in_first_person,metric_length_in_third_person,metric_avg_pos_noun_ratio,metric_avg_pos_verb_ratio,metric_avg_pos_adj_ratio,metric_avg_pos_adv_ratio,metric_avg_pos_pron_ratio,metric_avg_pos_det_ratio,metric_avg_pos_adp_ratio,metric_interestingness,metric_readability_flesch_ease,metric_readability_flesch_kincaid,metric_avg_constituency_tree_depth,metric_max_constituency_tree_depth
4f1b9b6ac191,"['gemini-1.5-flash', 'stamp-letter-send']","['model', 'id']",372,68,51,36,3,4.3088235294117645,123.33333333333333,22.666666666666668,19.0,0.2112262751374926,0.007961810099993583,"[0.0013604984439984646, 0.006601311655995118]","[0.75, 0.9850746268656716, 1.0, 1.0, 1.0]","[0.14705882352941177, 0.34328358208955223, 0.6060606060606061, 0.8461538461538461, 0.96875]",1.6666666666666667,3,3.220935220935221,8,0.070340096950531,0.006327021147624845,0.16666666666666666,0,0,0,3,0,0,3,0.320205686630369,0.07386569872958258,0.12589231699939504,0.016666666666666666,0.05175438596491228,0.21642468239564427,0.13106473079249847,0.04728341102600098,88.56333333333333,7.614074074074079,9.0,10
86cf30cee305,"['gemini-1.5-flash', 'stamp-letter-send']","['model', 'id']",369,70,53,34,4,4.1,91.5,17.5,14.75,0.21212260757113097,0.03565667094235837,"[0.005002090564140915, 0.01848683754603067, 0.02999607830336598]","[0.7571428571428571, 0.9855072463768116, 1.0, 1.0, 1.0]","[0.14285714285714285, 0.43478260869565216, 0.6911764705882353, 0.8656716417910447, 0.9696969696969697]",1.5,3,3.0537163141118517,8,0.07829269021749496,0.004534356280348095,0.3333333333333333,0,0,0,5,0,0,5,0.22987483530961791,0.18689064558629775,0.061133069828722006,0.010869565217391304,0.10253623188405797,0.19703557312252964,0.12226613965744401,0.04728341102600098,96.89142857142858,4.961904761904762,8.0,10
deb07d3826d2,"['gemini-1.5-flash', 'stamp-letter-send']","['model', 'id']",348,65,43,29,3,4.2153846153846155,115.33333333333333,21.666666666666668,17.666666666666668,0.21347881112192651,0.003950279316609462,"[0.0024533627912251554, 0.0014969165253843064]","[0.6615384615384615, 0.921875, 0.9841269841269841, 1.0, 1.0]","[0.15384615384615385, 0.375, 0.5873015873015873, 0.7419354838709677, 0.8360655737704918]",2.3333333333333335,3,3.307936507936508,11,0.07899560282627742,0.0018219491787569986,0.16666666666666666,0,0,0,5,0,0,5,0.3092917478882391,0.10201429499675113,0.05263157894736842,0.029889538661468484,0.07732293697205977,0.2267706302794022,0.14944769330734242,0.08948355913162231,89.84271929824563,7.021578947368422,9.333333333333334,10
e49d07a2b52b,"['gemini-1.5-flash', 'stamp-letter-send']","['model', 'id']",351,66,45,31,3,4.181818181818182,116.33333333333333,22.0,18.0,0.21313765100253526,0.005845930192192372,"[0.0049158161035691705, 0.0009301140886232018]","[0.6818181818181818, 0.9384615384615385, 1.0, 1.0, 1.0]","[0.15151515151515152, 0.4, 0.609375, 0.7619047619047619, 0.8548387096774194]",2.3333333333333335,3,3.434770889487871,11,0.0724444290002187,0.0025042694175395064,0.16666666666666666,0,0,0,5,0,0,5,0.3057644110275689,0.11215538847117794,0.05263157894736842,0.02944862155388471,0.07644110275689223,0.2236842105263158,0.14724310776942356,0.04728341102600098,90.68982683982685,6.98623376623377,9.333333333333334,10
9c67c2d10f4f,"['gemini-1.5-flash', 'stamp-letter-send']","['model', 'id']",496,91,62,42,4,4.2967032967032965,123.25,22.75,18.5,0.21340978138676642,0.010478371960670344,"[0.0024533627912251554, 0.003688255054319023, 0.009575940095461338]","[0.6813186813186813, 0.9666666666666667, 1.0, 1.0, 1.0]","[0.10989010989010989, 0.3, 0.5393258426966292, 0.7613636363636364, 0.896551724137931]",1.5,3,3.0041895604395603,9,0.07807505379120509,0.001960008649077194,0.3333333333333333,0,0,0,5,0,0,5,0.3223874904652937,0.08367658276125095,0.0887490465293669,0.013157894736842105,0.05614035087719298,0.228813882532418,0.15926773455377574,0.06809473037719727,86.99666666666668,7.832592592592594,10.0,13
ac6e5b32a02e,"['gemini-1.5-flash', 'stamp-letter-send']","['model', 'id']",435,82,56,40,4,4.182926829268292,108.25,20.5,17.5,0.20721913751883383,0.01489093454197199,"[0.013553121264534757, 0.0038882173673071008, 0.004895063181116127]","[0.6829268292682927, 0.9506172839506173, 1.0, 1.0, 1.0]","[0.13414634146341464, 0.4074074074074074, 0.6875, 0.8734177215189873, 0.9743589743589743]",2.25,4,2.989756562881563,8,0.09062434981266658,0.01434129638494236,0.25,0,0,0,6,0,0,6,0.2631276467029643,0.14222625529340593,0.08596491228070174,0.0339080459770115,0.06884452510586811,0.19836660617059892,0.111826981246219,0.08226549625396729,83.98250000000002,7.383510638297874,8.25,10
f5f6fe4f3281,"['gemini-1.5-flash', 'stamp-letter-send']","['model', 'id']",539,100,62,41,4,4.28,134.0,25.0,20.75,0.21168775296792752,0.007400270664330706,"[0.0002794254909862237, 0.0031319000504233807, 0.0076890804550864555]","[0.62, 0.9797979797979798, 1.0, 1.0, 1.0]","[0.1, 0.3838383838383838, 0.6326530612244898, 0.8247422680412371, 0.9166666666666666]",2.5,4,3.9719638615453237,11,0.10319148749113083,0.005404065486754983,0.25,0,0,0,9,0,0,9,0.2972335730630925,0.08680805274054701,0.06531682467037157,0.04768170426065163,0.08837583088155171,0.19100059932439795,0.14366623079437724,0.1373676061630249,83.99535714285717,8.499642857142856,10.0,14
c55d23c22848,"['gemini-1.5-flash', 'stamp-letter-send']","['model', 'id']",498,92,63,42,4,4.260869565217392,123.75,23.0,19.25,0.21483346705652695,0.010580322612521526,"[0.0024533627912251554, 0.003688255054319023, 0.009728866073238113]","[0.6847826086956522, 0.967032967032967, 1.0, 1.0, 1.0]","[0.10869565217391304, 0.2967032967032967, 0.5222222222222223, 0.7640449438202247, 0.9090909090909091]",1.5,3,3.152106227106227,12,0.0727706104516983,0.0008873626904438714,0.3333333333333333,0,0,0,5,0,0,5,0.3283014689599173,0.08260131394404666,0.08821141212076475,0.013157894736842105,0.05560271646859083,0.22693216210231046,0.15765483132796929,0.04728341102600098,86.81478211009177,7.920068807339451,9.5,11
5c94b863a797,"['gemini-1.5-flash', 'stamp-letter-send']","['model', 'id']",477,90,64,38,4,4.166666666666667,118.5,22.5,20.0,0.2144037953142082,0.0079202830189406,"[0.007661383651723752, 0.004073848327000917, 0.0001451925496862294]","[0.7111111111111111, 0.9775280898876404, 1.0, 1.0, 1.0]","[0.12222222222222222, 0.38202247191011235, 0.6818181818181818, 0.8390804597701149, 0.9302325581395349]",2.5,5,3.3089707652997293,10,0.07242905845244725,2.801920580636219e-05,0.2,0,0,0,9,2,0,11,0.2887174833635814,0.10841759571342148,0.05420879785671074,0.021778584392014518,0.1276899144412756,0.1836055656382335,0.12157549045026358,0.04728341102600098,89.33730769230772,7.257692307692309,10.25,12
527f68d73de6,"['gemini-1.5-flash', 'stamp-letter-send']","['model', 'id']",360,66,49,32,4,4.303030303030303,89.25,16.5,14.25,0.20979475302080955,0.013636024792989088,"[0.003662959734598792, 0.0032250228600624042, 0.013566054594822435]","[0.7424242424242424, 0.9846153846153847, 1.0, 1.0, 1.0]","[0.15151515151515152, 0.4461538461538462, 0.71875, 0.8888888888888888, 0.967741935483871]",1.75,4,2.7772506852203245,7,0.119657797118028,0.00919006538099093,0.25,0,0,0,6,0,0,6,0.21393762183235865,0.14483430799220273,0.10058479532163742,0.022417153996101363,0.17816764132553606,0.14502923976608187,0.09132553606237817,0.10301685333251953,91.59634615384618,5.327820512820512,7.75,12
33e62d965886,"['gemini-1.5-flash', 'stamp-letter-send']","['model', 'id']",372,69,52,34,3,4.231884057971015,123.33333333333333,23.0,20.666666666666668,0.21347522023739873,0.028437032324053868,"[0.013444958152351805, 0.014992074171702063]","[0.7536231884057971, 1.0, 1.0, 1.0, 1.0]","[0.13043478260869565, 0.39705882352941174, 0.746268656716418, 0.9393939393939394, 1.0]",1.6666666666666667,2,3.149910394265233,8,0.08712540318568547,0.0018291309478125628,0.16666666666666666,0,0,0,7,0,0,7,0.2659313725490196,0.14754901960784314,0.09669117647058824,0.03627450980392157,0.13259803921568628,0.19215686274509805,0.09877450980392156,0.08110487461090088,83.1428861788618,8.452926829268293,8.666666666666666,10
f44d7666d25c,"['gemini-1.5-flash', 'stamp-letter-send']","['model', 'id']",331,52,41,25,3,5.1923076923076925,109.66666666666667,17.333333333333332,15.666666666666666,0.20950399617354076,0.010660802939581465,"[0.0061194992727703346, 0.004541303666811131]","[0.7884615384615384, 0.9411764705882353, 0.98, 1.0, 1.0]","[0.19230769230769232, 0.5490196078431373, 0.84, 0.9591836734693877, 1.0]",2.3333333333333335,4,2.662971926993815,6,0.10426153242588043,0.009771579075528503,0.25,0,0,0,6,1,0,7,0.22413570691434467,0.17518059855521156,0.11803405572755418,0.04044117647058824,0.15557275541795665,0.11680856553147574,0.054695562435500514,0.09423315525054932,86.14857142857144,6.460317460317459,8.0,10
424bf4a702b7,"['gemini-1.5-flash', 'stamp-letter-send']","['model', 'id']",642,118,78,54,5,4.305084745762712,128.4,23.6,20.8,0.21123540743008767,0.00841635044241125,"[0.00030933168781546727, 0.0007055463212909119, 0.00565615051236501, 0.01016167236335111]","[0.6610169491525424, 0.9487179487179487, 1.0, 1.0, 1.0]","[0.1016949152542373, 0.36752136752136755, 0.6293103448275862, 0.808695652173913, 0.9298245614035088]",2.2,3,2.9144349680170576,8,0.07653996845086415,0.006308756562434681,0.16666666666666666,0,0,0,10,0,0,10,0.2415309940337749,0.12023348052269076,0.13196368580128312,0.012903225806451613,0.08668329569330681,0.17043291648408446,0.10978415972854237,0.05548924207687378,86.10576978417265,8.155597122302161,9.0,11
e83c4d4086db,"['gemini-1.5-flash', 'stamp-letter-send']","['model', 'id']",583,115,68,43,5,3.965217391304348,116.6,23.0,19.2,0.21107983483560588,0.027836815702728612,"[0.013330755760143309, 0.019188539012447797, 0.013136952089302711, 0.010017384543563407]","[0.591304347826087, 0.9649122807017544, 1.0, 1.0, 1.0]","[0.10434782608695652, 0.32456140350877194, 0.6283185840707964, 0.8035714285714286, 0.9279279279279279]",2.4,5,3.3222841656988,9,0.09984916945298512,0.0066199017513982605,0.2,0,0,0,13,0,0,13,0.29046001290852547,0.0924387333998318,0.04072574598890388,0.007692307692307693,0.11830037747657884,0.16883249558306765,0.1416607013632185,0.07523030042648315,94.20333333333335,6.82740740740741,9.8,12
9025ba9b6908,"['gemini-1.5-flash', 'stamp-letter-send']","['model', 'id']",382,80,58,36,3,3.7125,127.33333333333333,26.666666666666668,22.666666666666668,0.20853363568820651,0.04037163721554446,"[0.017199211559452865, 0.023172425656091594]","[0.725, 0.9746835443037974, 1.0, 1.0, 1.0]","[0.1375, 0.5063291139240507, 0.782051282051282, 0.922077922077922, 0.9868421052631579]",2.6666666666666665,6,3.164415619471799,9,0.11352017273505528,0.011712300046197,0.25,0,0,0,9,0,0,9,0.23194444444444443,0.15138888888888888,0.05555555555555555,0.04583333333333333,0.12777777777777777,0.18611111111111112,0.10416666666666667,0.11874699592590332,89.27164794007493,8.177752808988767,10.0,12
c4e69eeeba4a,"['gemini-1.5-flash', 'stamp-letter-send']","['model', 'id']",608,115,68,43,4,4.156521739130435,151.25,28.75,23.25,0.2139765501418383,0.014794471705224946,"[0.010749052269290182, 0.007641803985404733, 0.003800851303142505]","[0.591304347826087, 0.9473684210526315, 1.0, 1.0, 1.0]","[0.08695652173913043, 0.30701754385964913, 0.5752212389380531, 0.75, 0.8828828828828829]",4.25,6,3.608619845234597,11,0.07762963324785233,0.0008264711389334156,0.2,0,0,0,14,0,0,14,0.3115862573099415,0.09228801169590643,0.03399122807017543,0.02010233918128655,0.11732456140350876,0.1907894736842105,0.12280701754385964,0.08080238103866577,78.30880639097745,10.597048872180455,12.0,17
a46db658751a,"['gemini-1.5-flash', 'stamp-letter-send']","['model', 'id']",499,91,61,41,4,4.329670329670329,124.0,22.75,18.75,0.21323268704298065,0.00959088482778947,"[0.0024533627912251554, 0.003688255054319023, 0.008244709396140026]","[0.6703296703296703, 0.9666666666666667, 1.0, 1.0, 1.0]","[0.10989010989010989, 0.3111111111111111, 0.550561797752809, 0.7727272727272727, 0.9080459770114943]",1.25,3,2.966812109459168,8,0.07834015041589737,0.0023141973366487267,0.3333333333333333,0,0,0,5,0,0,5,0.3223874904652937,0.08367658276125095,0.0887490465293669,0.013157894736842105,0.05614035087719298,0.228813882532418,0.15926773455377574,0.06953990459442139,86.21333333333335,7.941851851851855,9.75,12
cba102f73156,"['gemini-1.5-flash', 'stamp-letter-send']","['model', 'id']",558,108,69,47,5,4.083333333333333,111.6,21.6,18.4,0.20650240208240264,0.011238422198887876,"[0.007653439269238949, 0.005571389378923375, 6.370643774666895e-05, 0.00918830931186676]","[0.6388888888888888, 0.9439252336448598, 0.9905660377358491, 1.0, 1.0]","[0.12037037037037036, 0.40186915887850466, 0.6886792452830188, 0.8761904761904762, 0.9519230769230769]",2.6,5,3.156380312483336,9,0.08917575577894847,0.015774767257804745,0.25,0,0,0,9,0,0,9,0.2504482550249141,0.15555291390531664,0.07488285932221858,0.03740378614520491,0.08157349896480331,0.20531367945555587,0.10176032967794982,0.12654411792755127,86.37391803278692,7.273540983606555,9.6,11
0602cb30fecc,"['gemini-1.5-flash', 'stamp-letter-send']","['model', 'id']",314,60,42,28,3,4.083333333333333,104.0,20.0,17.0,0.21079032194046746,0.003134372920701012,"[0.0012255222508401609, 0.001908850669860851]","[0.7, 0.9661016949152542, 1.0, 1.0, 1.0]","[0.15, 0.3559322033898305, 0.6551724137931034, 0.8070175438596491, 0.9464285714285714]",2.0,4,3.0371254761498667,8,0.07479103157917659,0.007198927541675115,0.3333333333333333,0,0,0,8,0,0,8,0.25555555555555554,0.11777777777777777,0.07666666666666666,0.0,0.13666666666666666,0.20333333333333334,0.14777777777777779,0.08687448501586914,96.13452380952383,5.647142857142857,9.0,11
9a1b41f75b30,"['gemini-1.5-flash', 'stamp-letter-send']","['model', 'id']",411,79,57,36,5,4.0886075949367084,82.2,15.8,14.2,0.21198589499034579,0.018214938706821865,"[0.0034398537693601516, 0.011120918874788777, 0.012271727787123793, 0.009597376982371009]","[0.7215189873417721, 0.9743589743589743, 1.0, 1.0, 1.0]","[0.1518987341772152, 0.5256410256410257, 0.8441558441558441, 0.9605263157894737, 0.9866666666666667]",1.8,3,2.67549601176376,9,0.12164528916279475,0.004807781441918457,0.25,0,0,0,7,1,0,8,0.1919465329991646,0.1779782790309106,0.08507936507936507,0.031746031746031744,0.10232247284878863,0.14623224728487885,0.11248120300751879,0.16890251636505127,98.80761290322583,4.098408602150538,8.0,10
a27f3bc1e396,"['gemini-1.5-flash', 'stamp-letter-send']","['model', 'id']",403,74,55,35,5,4.216216216216216,80.0,14.8,12.8,0.21223061305134236,0.012918948204744443,"[0.011999122443653282, 0.001931446790695207, 0.0009068846702575684, 0.01100044250488283]","[0.7432432432432432, 0.9726027397260274, 1.0, 1.0, 1.0]","[0.14864864864864866, 0.4931506849315068, 0.7638888888888888, 0.9154929577464789, 0.9714285714285714]",1.4,3,2.6182454827105817,7,0.10083279261986415,0.00431834531992531,0.2,0,1,0,10,0,1,10,0.23239538239538238,0.1516017316017316,0.0655988455988456,0.05873015873015873,0.18489177489177488,0.11922077922077923,0.13937950937950938,0.09758388996124268,105.62157894736843,3.247368421052631,6.2,9
9e0b837263d1,"['gemini-1.5-flash', 'stamp-letter-send']","['model', 'id']",388,73,47,35,3,4.164383561643835,128.66666666666666,24.333333333333332,19.0,0.21013066979015574,0.0088212268895482,"[0.006895871822563432, 0.0019253550669847685]","[0.6438356164383562, 0.9305555555555556, 1.0, 1.0, 1.0]","[0.1095890410958904, 0.3055555555555556, 0.5492957746478874, 0.7714285714285715, 0.927536231884058]",1.0,1,3.4522419315102244,9,0.08832607915004094,0.008518231842298551,0.25,0,0,0,5,0,0,5,0.30831265508684863,0.10023779983457402,0.06317204301075269,0.01075268817204301,0.11765922249793218,0.2194995864350703,0.146712158808933,0.12623190879821777,81.33368217054264,9.036511627906979,9.333333333333334,11
f32a17b12877,"['gemini-1.5-flash', 'stamp-letter-send']","['model', 'id']",338,60,46,28,3,4.483333333333333,112.0,20.0,18.0,0.21522415188885238,0.0009863984533202697,"[0.000732687257585074, 0.0002537111957351956]","[0.7666666666666667, 1.0, 1.0, 1.0, 1.0]","[0.16666666666666666, 0.5423728813559322, 0.8448275862068966, 0.9473684210526315, 0.9821428571428571]",3.3333333333333335,7,2.825176706532639,7,0.08195203046003978,0.0016687323550947375,0.2,0,0,0,8,0,0,8,0.22198480531813866,0.146343779677113,0.10161443494776828,0.07132003798670465,0.14169040835707503,0.12597340930674264,0.07934472934472935,0.10773813724517822,87.67452380952382,6.8271428571428565,8.666666666666666,11
1cd57e8ba660,"['gemini-1.5-flash', 'stamp-letter-send']","['model', 'id']",339,66,46,32,4,3.9696969696969697,84.0,16.5,13.75,0.21067414516883512,0.03750027830784136,"[0.005002090564140915, 0.01848683754603067, 0.032761489351590456]","[0.696969696969697, 0.9692307692307692, 1.0, 1.0, 1.0]","[0.15151515151515152, 0.4153846153846154, 0.65625, 0.8253968253968254, 0.9032258064516129]",1.5,3,2.961947682298726,8,0.07724938541650772,0.007431281084939789,0.3333333333333333,0,0,0,5,0,0,5,0.2538647342995169,0.15785024154589372,0.06618357487922705,0.010869565217391304,0.10253623188405797,0.20966183574879227,0.11847826086956521,0.04728341102600098,98.10403846153848,4.420128205128204,7.5,8
31a555045aba,"['gemini-1.5-flash', 'stamp-letter-send']","['model', 'id']",499,95,58,42,4,4.08421052631579,124.0,23.75,19.75,0.2134553619793483,0.010197951025141889,"[0.0068273061251902245, 0.0032601569925909124, 0.005209463419931698]","[0.6105263157894737, 0.9361702127659575, 1.0, 1.0, 1.0]","[0.09473684210526316, 0.2872340425531915, 0.5591397849462365, 0.782608695652174, 0.9230769230769231]",1.75,3,3.4761991664165577,10,0.09086196621259053,0.0018688474639134145,0.16666666666666666,0,0,0,6,0,0,6,0.32295336242704664,0.08433671591566327,0.08079420579420579,0.02452153110047847,0.06583876649666123,0.2110981124139019,0.17875545507124455,0.07124227285385132,88.52750000000003,7.867500000000003,8.75,10
6fca5c44df1e,"['gemini-1.5-flash', 'gloom-payment-exist']","['model', 'id']",384,68,51,34,4,4.514705882352941,95.25,17.0,15.25,0.21259542486884378,0.005022340264671299,"[0.0009242174300280459, 0.0018187974180494115, 0.004790495548929491]","[0.75, 0.9850746268656716, 1.0, 1.0, 1.0]","[0.16176470588235295, 0.5223880597014925, 0.7727272727272727, 0.9384615384615385, 1.0]",1.75,3,3.296851404409544,10,0.09434572607278824,0.003195780274131921,0.1111111111111111,0,0,0,6,0,0,6,0.2809873949579832,0.08697478991596638,0.1383403361344538,0.05661764705882353,0.11554621848739495,0.12888655462184873,0.10882352941176471,0.11609506607055664,82.90000000000002,6.665000000000003,8.5,11
434a4c50a167,"['gemini-1.5-flash', 'gloom-payment-exist']","['model', 'id']",513,89,63,45,5,4.573033707865169,102.6,17.8,16.4,0.21154656608899436,0.014512491544431766,"[0.0015985226529276197, 0.0022257295382884235, 0.010025151209397759, 0.01517557968824973]","[0.7078651685393258, 0.9886363636363636, 1.0, 1.0, 1.0]","[0.12359550561797752, 0.42045454545454547, 0.6781609195402298, 0.8372093023255814, 0.9058823529411765]",1.8,3,2.8610854793277,7,0.0884744127591451,0.0052934978338307626,0.25,0,0,1,6,0,0,6,0.28411517925247903,0.1678852021357742,0.05489130434782609,0.0125,0.0881369183829138,0.16886155606407321,0.10666857360793287,0.11324089765548706,92.84254054054057,5.824756756756759,7.8,12
697b75a18e80,"['gemini-1.5-flash', 'gloom-payment-exist']","['model', 'id']",386,69,49,31,4,4.463768115942029,95.75,17.25,15.5,0.217346594795104,0.016718044104399494,"[0.00782637198766073, 0.015366062431624444, 0.0018846317373140686]","[0.7101449275362319, 0.9705882352941176, 1.0, 1.0, 1.0]","[0.14492753623188406, 0.35294117647058826, 0.6119402985074627, 0.7878787878787878, 0.9230769230769231]",1.25,2,3.6268132716049384,12,0.11668492356936137,0.006306559578388493,0.3333333333333333,0,0,0,5,0,0,5,0.3001960784313725,0.08220588235294117,0.08078431372549019,0.0,0.09107843137254902,0.2132843137254902,0.14441176470588235,0.13683611154556274,91.36000000000003,5.485000000000003,8.5,12
02e4f932a2b7,"['gemini-1.5-flash', 'gloom-payment-exist']","['model', 'id']",298,51,41,27,3,4.7254901960784315,99.33333333333333,17.0,16.333333333333332,0.21490705064219287,0.008958040850847115,"[0.003651119241810802, 0.005306921609036314]","[0.803921568627451, 1.0, 1.0, 1.0, 1.0]","[0.19607843137254902, 0.58, 0.7755102040816326, 0.8541666666666666, 0.9148936170212766]",1.3333333333333333,2,3.051570197044335,8,0.12687019755442938,0.0014274712725662608,0.3333333333333333,0,0,0,0,3,0,3,0.2719298245614035,0.17763157894736842,0.05921052631578947,0.041666666666666664,0.05921052631578947,0.15679824561403508,0.17434210526315788,0.10014277696609497,85.01500000000003,6.370000000000001,9.666666666666666,11
20c9e06234b2,"['gemini-1.5-flash', 'gloom-payment-exist']","['model', 'id']",505,96,68,45,4,4.125,126.0,24.0,20.25,0.21135797030998,0.008842128294485588,"[0.003428403914920858, 0.0028651379403613897, 0.0069696505864461356]","[0.7083333333333334, 0.9894736842105263, 1.0, 1.0, 1.0]","[0.11458333333333333, 0.37894736842105264, 0.6170212765957447, 0.7311827956989247, 0.8152173913043478]",3.0,5,3.1180124223602483,8,0.0915259098013242,0.005670689391859496,0.1111111111111111,0,0,0,8,0,0,8,0.24583333333333332,0.12777777777777777,0.1236111111111111,0.0,0.07268518518518519,0.17337962962962963,0.1525462962962963,0.15693879127502441,88.32054203539822,7.9584734513274356,11.0,19
f8fc13627e70,"['gemini-1.5-flash', 'gloom-payment-exist']","['model', 'id']",472,86,57,44,5,4.348837209302325,94.4,17.2,15.4,0.21138571394926398,0.011384823143263889,"[0.009856249037243081, 0.0031796261286124172, 0.006418121930880427, 0.0033156491897918527]","[0.6627906976744186, 0.9294117647058824, 1.0, 1.0, 1.0]","[0.10465116279069768, 0.36470588235294116, 0.6309523809523809, 0.8192771084337349, 0.926829268292683]",1.0,3,2.9897802552057873,9,0.10918530821800232,0.005615202113291529,0.2,0,0,0,4,0,0,4,0.2463833380242049,0.17090587431144708,0.11862410035784648,0.019617224880382776,0.058714969241285025,0.20856821197378472,0.12242772707168992,0.10033094882965088,91.57605882352944,5.55423529411765,7.0,9
bd666bcd42bb,"['gemini-1.5-flash', 'gloom-payment-exist']","['model', 'id']",509,89,65,48,5,4.52808988764045,101.8,17.8,16.6,0.21098703151264936,0.014941245429271569,"[0.002957677433633399, 0.0008665747575826444, 0.00998638470967611, 0.016071853957650983]","[0.7303370786516854, 0.9886363636363636, 1.0, 1.0, 1.0]","[0.12359550561797752, 0.42045454545454547, 0.6436781609195402, 0.7790697674418605, 0.8588235294117647]",2.0,3,2.8811413874428715,7,0.08883574853340785,0.006412566986520762,0.25,0,0,1,6,0,0,6,0.27277427165198065,0.16943022148130507,0.08817873303167421,0.011764705882352941,0.09077955068667143,0.15597562911804397,0.09115067079463364,0.13258779048919678,92.08037837837841,5.9310630630630605,7.6,12
3b8ed05849ba,"['gemini-1.5-flash', 'gloom-payment-exist']","['model', 'id']",322,56,45,29,3,4.607142857142857,106.66666666666667,18.666666666666668,18.0,0.2130719489358329,0.008131879327273134,"[0.004172873165872365, 0.003959006161400769]","[0.8035714285714286, 0.9818181818181818, 1.0, 1.0, 1.0]","[0.17857142857142858, 0.5818181818181818, 0.8888888888888888, 1.0, 1.0]",2.6666666666666665,3,2.9150132275132274,7,0.09623762716849645,0.0022427321401536915,0.1111111111111111,2,0,0,0,0,2,0,0.289739500265816,0.1974481658692185,0.039766081871345026,0.04784688995215311,0.04784688995215311,0.16007442849548112,0.1074428495481127,0.18530642986297607,79.41871794871795,7.5646153846153865,8.666666666666666,10
7eabfa3929a4,"['gemini-1.5-flash', 'gloom-payment-exist']","['model', 'id']",469,84,65,43,5,4.428571428571429,93.8,16.8,15.6,0.21130456507271972,0.02183657109651385,"[0.0005661379809331346, 0.005866302407426971, 0.015859149358211422, 0.021381552446456176]","[0.7738095238095238, 0.9879518072289156, 1.0, 1.0, 1.0]","[0.13095238095238096, 0.3855421686746988, 0.7195121951219512, 0.9135802469135802, 0.975]",1.4,3,2.8928655296007912,9,0.09105922530094783,0.0057774998663800425,0.1111111111111111,0,0,1,6,0,0,6,0.2977486501847116,0.1583255186132424,0.05518258027848821,0.028695652173913046,0.11469806763285025,0.14351875532821826,0.09303424268258027,0.13942408561706543,96.3978446601942,4.9313786407767,7.4,9
5bf459a9dda2,"['gemini-1.5-flash', 'gloom-payment-exist']","['model', 'id']",325,58,44,28,3,4.431034482758621,107.66666666666667,19.333333333333332,17.333333333333332,0.21173035515048516,0.011183134052488553,"[0.0022903790076573838, 0.008892755044831169]","[0.7586206896551724, 0.9649122807017544, 1.0, 1.0, 1.0]","[0.15517241379310345, 0.49122807017543857, 0.7678571428571429, 0.8909090909090909, 0.9629629629629629]",1.6666666666666667,3,3.131205673758865,9,0.1126011312007904,0.004925919710849158,0.2,0,0,0,5,0,0,5,0.26296296296296295,0.1537037037037037,0.06666666666666667,0.05,0.10185185185185185,0.19074074074074074,0.14074074074074075,0.08971750736236572,85.40304347826088,7.061159420289858,8.0,10
e2b2e3a9e59c,"['gemini-1.5-flash', 'gloom-payment-exist']","['model', 'id']",340,60,44,25,3,4.6,112.66666666666667,20.0,17.0,0.2093882699807485,0.028774479508916012,"[0.0023662987209501773, 0.026408180787965835]","[0.7333333333333333, 0.9661016949152542, 1.0, 1.0, 1.0]","[0.16666666666666666, 0.4576271186440678, 0.6724137931034483, 0.8421052631578947, 0.9464285714285714]",2.6666666666666665,5,3.1473684210526316,8,0.12214001516501109,0.009610090050322484,0.3333333333333333,0,0,0,7,0,0,7,0.23716153127917833,0.12866479925303453,0.05793650793650793,0.011904761904761904,0.14565826330532214,0.1953314659197012,0.11937441643323995,0.1402832269668579,76.83830845771146,8.090149253731344,9.0,10
bf21a82f3aa0,"['gemini-1.5-flash', 'gloom-payment-exist']","['model', 'id']",553,103,69,48,5,4.271844660194175,110.6,20.6,18.6,0.2106742114885479,0.007976806735751588,"[0.002957677433633399, 0.007715413953874484, 0.0016159338180464777, 0.003664588265948815]","[0.6699029126213593, 0.9411764705882353, 1.0, 1.0, 1.0]","[0.11650485436893204, 0.35294117647058826, 0.5841584158415841, 0.77, 0.8888888888888888]",2.4,4,3.1835106353149656,9,0.08385216693083446,0.007038207034723687,0.1111111111111111,0,0,0,7,0,0,7,0.2856159420289855,0.13728260869565218,0.06619565217391304,0.017391304347826087,0.0653623188405797,0.17442028985507246,0.13442028985507246,0.10081595182418823,86.80981355932204,7.014000000000003,9.6,12
33cf7d66dcfc,"['gemini-1.5-flash', 'gloom-payment-exist']","['model', 'id']",368,66,48,33,3,4.5,122.66666666666667,22.0,18.666666666666668,0.21624268185008655,0.009016460464114223,"[0.008923676751908804, 9.27837122054187e-05]","[0.7272727272727273, 0.9846153846153847, 1.0, 1.0, 1.0]","[0.15151515151515152, 0.4307692307692308, 0.671875, 0.8095238095238095, 0.9032258064516129]",1.6666666666666667,3,3.96943303886193,12,0.11106491337219875,0.004098733688353617,0.3333333333333333,0,0,0,1,0,0,1,0.296415770609319,0.07706093189964158,0.15412186379928317,0.0,0.032974910394265235,0.2252688172043011,0.14301075268817204,0.13006621599197388,78.81200000000001,8.477333333333334,9.0,13
3e7012bc59b1,"['gemini-1.5-flash', 'gloom-payment-exist']","['model', 'id']",544,98,68,48,4,4.459183673469388,136.0,24.5,21.25,0.20460342932888803,0.005050908495681461,"[0.0028514502507386574, 0.00046249304141676717, 0.004262419451366767]","[0.6938775510204082, 0.9690721649484536, 1.0, 1.0, 1.0]","[0.11224489795918367, 0.35051546391752575, 0.5729166666666666, 0.7368421052631579, 0.8829787234042553]",1.75,3,3.7412101868544996,9,0.11013855536778767,0.019179771354043418,0.3333333333333333,0,0,0,0,1,0,1,0.30178571428571427,0.09947089947089947,0.11501322751322751,0.020238095238095236,0.037830687830687826,0.18974867724867725,0.1644179894179894,0.13237911462783813,82.48464285714289,8.710357142857145,10.25,11
b6b7aad1c22b,"['gemini-1.5-flash', 'gloom-payment-exist']","['model', 'id']",310,59,44,22,3,4.135593220338983,102.66666666666667,19.666666666666668,17.666666666666668,0.21584631122035897,0.019526656468709325,"[0.0075733653136662304, 0.011953291155043094]","[0.7457627118644068, 0.9827586206896551, 1.0, 1.0, 1.0]","[0.1864406779661017, 0.5689655172413793, 0.8070175438596491, 0.9285714285714286, 0.9636363636363636]",1.3333333333333333,4,3.25,9,0.10602441181739171,0.003305992428898452,0.2,0,0,0,5,0,0,5,0.23581421958703908,0.11348624330368752,0.10745306079991679,0.022988505747126436,0.09122588027253342,0.2013314609663494,0.13912726894471317,0.09465086460113525,87.85521739130436,6.71913043478261,8.0,11
201f794332e3,"['gemini-1.5-flash', 'gloom-payment-exist']","['model', 'id']",454,82,58,36,4,4.439024390243903,113.5,20.5,18.0,0.21503060611467514,0.013440208076994049,"[0.00648954851286751, 0.006103947616758781, 0.007566815985864783]","[0.7073170731707317, 0.9876543209876543, 1.0, 1.0, 1.0]","[0.15853658536585366, 0.4444444444444444, 0.725, 0.9240506329113924, 0.9743589743589743]",2.5,5,3.5186688311688314,11,0.1063036248087883,0.0016745822175308067,0.3333333333333333,0,0,0,8,0,0,8,0.2634744623655914,0.1309475806451613,0.06145833333333334,0.008064516129032258,0.1114247311827957,0.1778225806451613,0.1051747311827957,0.09744679927825928,83.88032894736844,7.4598684210526365,8.5,14
b58863463d7e,"['gemini-1.5-flash', 'gloom-payment-exist']","['model', 'id']",376,71,53,35,3,4.169014084507042,124.66666666666667,23.666666666666668,20.333333333333332,0.21423945446976092,0.010275795067014287,"[0.00805354467546096, 0.0022222503915533265]","[0.7464788732394366, 0.9571428571428572, 1.0, 1.0, 1.0]","[0.1267605633802817, 0.4142857142857143, 0.6956521739130435, 0.8970588235294118, 0.9701492537313433]",2.3333333333333335,3,3.2638157894736843,10,0.09882805496454239,9.227892770236057e-05,0.2,0,0,0,6,0,0,6,0.2558641975308642,0.14135802469135803,0.09382716049382715,0.013888888888888888,0.09814814814814815,0.19783950617283952,0.1743827160493827,0.0970391035079956,84.17459349593496,8.309024390243906,11.0,13
6e097dfe0347,"['gemini-1.5-flash', 'gloom-payment-exist']","['model', 'id']",329,61,45,27,3,4.295081967213115,109.33333333333333,20.333333333333332,18.0,0.20523115050079477,0.036154937421604666,"[0.019617178855520306, 0.01653775856608436]","[0.7377049180327869, 0.9666666666666667, 1.0, 1.0, 1.0]","[0.18032786885245902, 0.5, 0.7796610169491526, 0.9310344827586207, 0.9649122807017544]",2.0,4,2.656204906204906,7,0.1130281537771225,0.017924329010229945,0.2,0,0,0,8,0,0,8,0.2476190476190476,0.1634920634920635,0.03253968253968254,0.016666666666666666,0.13015873015873014,0.16507936507936508,0.11587301587301588,0.053687095642089844,82.8402380952381,7.501428571428573,8.0,9
627df2c4987f,"['gemini-1.5-flash', 'gloom-payment-exist']","['model', 'id']",513,83,66,48,4,4.975903614457831,127.75,20.75,19.0,0.21327127521553785,0.012996425457789746,"[0.011924326514440892, 0.004543403578011002, 0.0030269080942327276]","[0.7951807228915663, 1.0, 1.0, 1.0, 1.0]","[0.1566265060240964, 0.4878048780487805, 0.8271604938271605, 0.975, 1.0]",2.5,4,3.5746463142218916,10,0.09325256943702698,0.0018440795807437849,0.1111111111111111,0,0,0,3,1,0,4,0.2727777777777778,0.16166666666666668,0.10833333333333334,0.02,0.06388888888888888,0.15888888888888889,0.10722222222222222,0.0646597146987915,81.52902227722775,8.160470297029704,9.25,13
e6ff6bb3a664,"['gemini-1.5-flash', 'gloom-payment-exist']","['model', 'id']",320,56,45,31,3,4.571428571428571,106.66666666666667,18.666666666666668,17.333333333333332,0.2112327178319295,0.0031198777333654726,"[0.0008657389216952804, 0.002254138811670192]","[0.8035714285714286, 1.0, 1.0, 1.0, 1.0]","[0.16071428571428573, 0.45454545454545453, 0.7407407407407407, 0.9245283018867925, 1.0]",1.0,1,3.1666666666666665,8,0.12908589591582617,0.005921194347960457,1.0,0,0,0,3,0,0,3,0.30894586894586895,0.10165242165242165,0.14683760683760683,0.04518518518518518,0.057492877492877494,0.14786324786324787,0.13452991452991453,0.11382853984832764,85.67711442786072,6.85731343283582,7.666666666666667,9
2fd1c42ec50d,"['gemini-1.5-flash', 'gloom-payment-exist']","['model', 'id']",473,84,62,44,4,4.511904761904762,118.0,21.0,19.25,0.210854847952881,0.009037611160514028,"[0.003408697036781705, 0.007232949227997748, 0.0029147704759915904]","[0.7380952380952381, 0.9759036144578314, 1.0, 1.0, 1.0]","[0.13095238095238096, 0.43373493975903615, 0.7073170731707317, 0.8518518518518519, 0.9375]",2.5,3,3.311884424108677,10,0.08679180095593135,0.006676934106057464,0.25,0,0,0,7,0,0,7,0.2804774720893142,0.1745331605528974,0.0661300505050505,0.0,0.08997873471557682,0.1532152667021088,0.13079811270600744,0.13196778297424316,87.87158163265306,7.089489795918368,9.5,12
8af03857fd87,"['gemini-1.5-flash', 'gloom-payment-exist']","['model', 'id']",387,67,54,38,6,4.611940298507463,64.33333333333333,11.166666666666666,10.833333333333334,0.2104063337591939,0.09126039047380945,"[0.0013708931622487819, 0.00755281075016484, 0.009831899404525751, 0.026861274242401117, 0.1825340986251831]","[0.8059701492537313, 0.9848484848484849, 1.0, 1.0, 1.0]","[0.13432835820895522, 0.45454545454545453, 0.7538461538461538, 0.875, 0.9365079365079365]",1.1666666666666667,2,2.301058201058201,7,0.08712300658226013,0.007573962493431674,0.1111111111111111,0,0,1,3,0,0,3,0.27362278244631183,0.22278244631185806,0.09579831932773109,0.0,0.0873015873015873,0.0984593837535014,0.07595704948646124,0.12064594030380249,104.11705823293175,2.173674698795182,5.166666666666667,7
1b648f67305f,"['gemini-1.5-flash', 'gloom-payment-exist']","['model', 'id']",615,110,76,53,5,4.472727272727273,123.0,22.0,20.0,0.2093910373347245,0.010284158138055652,"[0.0015985226529276197, 0.0022257295382884235, 0.0014524751540386238, 0.015291588930856637]","[0.6909090909090909, 0.9724770642201835, 1.0, 1.0, 1.0]","[0.11818181818181818, 0.4036697247706422, 0.7129629629629629, 0.8785046728971962, 0.9528301886792453]",3.4,5,3.2549688947628392,10,0.08983753869930904,0.00960455534237048,0.25,0,0,0,11,0,0,11,0.23555457319187295,0.19500641425698634,0.05898221343873518,0.00909090909090909,0.10957631232230775,0.14530095000346716,0.11235039178975105,0.15128087997436523,86.3369375,7.576812500000003,10.2,13
9713ce17a7f1,"['gemini-1.5-flash', 'gloom-payment-exist']","['model', 'id']",375,66,53,33,3,4.484848484848484,124.33333333333333,22.0,20.0,0.21258517930453474,0.002979372968577365,"[0.0022307162875538356, 0.0007486566810235296]","[0.803030303030303, 0.9846153846153847, 1.0, 1.0, 1.0]","[0.16666666666666666, 0.5384615384615384, 0.796875, 0.8888888888888888, 0.9516129032258065]",4.333333333333333,5,3.3820706251351935,9,0.09535769124825795,0.003216271402749993,0.1111111111111111,0,0,0,4,0,0,4,0.22956937799043062,0.16838915470494417,0.12532695374800637,0.02666666666666667,0.07269537480063795,0.13808612440191387,0.13569377990430623,0.139509916305542,87.76583333333336,7.642500000000002,9.0,10
838a8edbb261,"['gemini-1.5-flash', 'gloom-payment-exist']","['model', 'id']",568,103,67,50,5,4.427184466019417,113.6,20.6,17.8,0.20928912435259137,0.011111867238604842,"[0.0022675246910006663, 0.0020271760640127034, 0.007274891081310464, 0.01065414264088585]","[0.6504854368932039, 0.9509803921568627, 1.0, 1.0, 1.0]","[0.1262135922330097, 0.4215686274509804, 0.7029702970297029, 0.88, 0.9494949494949495]",2.2,7,3.5705973532207356,11,0.09510983775059383,0.009808381306636749,0.1111111111111111,0,0,0,5,0,0,5,0.27666666666666667,0.1288888888888889,0.08777777777777777,0.03111111111111111,0.06222222222222222,0.20333333333333334,0.10222222222222223,0.09243124723434448,91.82845762711865,6.314000000000004,9.2,12
1a56a5054149,"['gemini-1.5-flash', 'petrol-diesel-pump']","['model', 'id']",365,64,51,36,5,4.453125,72.6,12.8,12.0,0.20650130122426957,0.014180763349646616,"[0.002536687641948837, 0.014760049364783562, 0.008918690681457536, 0.0021460990111032974]","[0.796875, 1.0, 1.0, 1.0, 1.0]","[0.15625, 0.5079365079365079, 0.7903225806451613, 0.9344262295081968, 0.9833333333333333]",1.8,4,2.664519140989729,6,0.07744769752025604,0.01487212535006227,0.2,0,0,0,4,0,0,4,0.285,0.14083333333333334,0.14333333333333334,0.01,0.06166666666666667,0.17333333333333334,0.09666666666666666,0.11472809314727783,110.4823855421687,1.9731566265060252,6.6,10
77fd1608e746,"['gemini-1.5-flash', 'petrol-diesel-pump']","['model', 'id']",419,79,58,41,3,4.177215189873418,139.0,26.333333333333332,23.0,0.2150388116516718,0.006752035828442915,"[0.00249374989585166, 0.004258285932591255]","[0.7341772151898734, 0.9871794871794872, 1.0, 1.0, 1.0]","[0.11392405063291139, 0.3333333333333333, 0.6363636363636364, 0.8289473684210527, 0.96]",2.3333333333333335,3,3.552407704654896,9,0.09142435590426128,0.002202895504742175,0.1111111111111111,0,0,0,7,0,0,7,0.3111111111111111,0.1681327160493827,0.07067901234567901,0.010416666666666666,0.10162037037037037,0.1618827160493827,0.1410493827160494,0.12827575206756592,83.32500000000002,9.090000000000003,12.0,15
f9daad4f7085,"['gemini-1.5-flash', 'petrol-diesel-pump']","['model', 'id']",501,94,67,46,5,4.26595744680851,100.2,18.8,16.6,0.21338046599125515,0.02322538493608234,"[0.00777491482477341, 0.013891861159286228, 0.00837128539370674, 0.016412708494398298]","[0.7127659574468085, 0.978494623655914, 1.0, 1.0, 1.0]","[0.11702127659574468, 0.3978494623655914, 0.717391304347826, 0.8571428571428571, 0.9666666666666667]",2.2,4,3.195988812452227,10,0.06751016775767009,0.0011137958160911121,0.1111111111111111,0,0,0,6,0,0,6,0.24036199095022626,0.158815987933635,0.10567873303167422,0.0,0.09676470588235295,0.17208898944193063,0.09263197586726998,0.1350339651107788,94.47428571428574,5.299047619047617,9.6,14
26cf16ccae23,"['gemini-1.5-flash', 'petrol-diesel-pump']","['model', 'id']",319,60,49,32,3,4.216666666666667,106.33333333333333,20.0,18.0,0.2099237943128232,0.018020771660356455,"[0.0038507356093480105, 0.014170036051008444]","[0.8166666666666667, 1.0, 1.0, 1.0, 1.0]","[0.18333333333333332, 0.5254237288135594, 0.7758620689655172, 0.9298245614035088, 0.9821428571428571]",2.0,2,3.0392390242014304,8,0.08046608418226242,0.008027139172955,0.16666666666666666,0,0,0,2,0,0,2,0.26615515771526005,0.1493606138107417,0.10153452685421994,0.03333333333333333,0.04565217391304348,0.1689684569479966,0.15012787723785168,0.13102316856384277,93.98565217391305,5.864057971014493,8.333333333333334,9
a2ae3958eac6,"['gemini-1.5-flash', 'petrol-diesel-pump']","['model', 'id']",420,79,55,40,4,4.189873417721519,104.25,19.75,16.25,0.21160627962687076,0.016939013029532452,"[0.014722616757665369, 0.0034274614347523935, 0.007258441351880918]","[0.6962025316455697, 0.9743589743589743, 1.0, 1.0, 1.0]","[0.12658227848101267, 0.3717948717948718, 0.6363636363636364, 0.8157894736842105, 0.9333333333333333]",0.75,2,3.5865248226950355,10,0.07264259705940883,0.0046621685448599015,0.16666666666666666,0,0,0,2,0,0,2,0.3030829831932773,0.10355217086834734,0.13108193277310926,0.011904761904761904,0.030330882352941176,0.22051645658263305,0.15009628851540616,0.10432779788970947,86.23750000000001,6.820555555555554,10.25,15
5f77d46c2e4d,"['gemini-1.5-flash', 'petrol-diesel-pump']","['model', 'id']",456,83,62,48,4,4.445783132530121,113.75,20.75,18.25,0.21001388354504363,0.012033569227909472,"[0.004613175278618237, 0.0001682950820757756, 0.013268883481170196]","[0.7469879518072289, 0.975609756097561, 1.0, 1.0, 1.0]","[0.10843373493975904, 0.32926829268292684, 0.6049382716049383, 0.8625, 0.9620253164556962]",1.5,3,3.1556673934722714,7,0.08481213450431824,0.00784696070851415,0.1111111111111111,0,0,0,3,0,0,3,0.3130382775119617,0.16901913875598085,0.10992822966507176,0.0,0.038815789473684206,0.18995215311004784,0.10633971291866029,0.1091964840888977,84.26902472527473,7.157225274725274,9.5,12
7db8a5efb1bc,"['gemini-1.5-flash', 'petrol-diesel-pump']","['model', 'id']",595,114,75,51,5,4.105263157894737,119.0,22.8,20.0,0.20647605311636832,0.008267503181398614,"[0.0006744897726810584, 0.005819682776927931, 0.006185743438475055, 0.0038550903747131826]","[0.6578947368421053, 0.9469026548672567, 1.0, 1.0, 1.0]","[0.10526315789473684, 0.37168141592920356, 0.6785714285714286, 0.8558558558558559, 0.9272727272727272]",2.0,3,3.7034283918115025,10,0.06296376138925552,0.014922621565864769,0.1111111111111111,0,0,0,5,0,0,5,0.2765125373821026,0.13984357027835287,0.08567977915804002,0.037531631009891875,0.06130664826317,0.17575339314469748,0.1015182884748102,0.14838087558746338,93.77031343283583,6.838119402985075,11.0,12
3e5b74026010,"['gemini-1.5-flash', 'petrol-diesel-pump']","['model', 'id']",585,107,75,54,5,4.392523364485982,117.0,21.4,18.8,0.208752475278016,0.006177830638049497,"[0.0006744897726810584, 0.0006748689545525433, 0.010384621179809123, 0.0006216813690562706]","[0.7009345794392523, 0.9716981132075472, 1.0, 1.0, 1.0]","[0.12149532710280374, 0.36792452830188677, 0.6761904761904762, 0.8653846153846154, 0.9611650485436893]",2.0,4,3.469098934000981,8,0.05925476302703222,0.010369777242569433,0.1111111111111111,0,0,0,5,0,0,5,0.2793916162956411,0.16814290628532114,0.07848149786230281,0.010526315789473684,0.05470342522974102,0.1783517617573345,0.11253722541648238,0.10815823078155518,85.18500000000003,7.34,9.6,11
166b06b923fd,"['gemini-1.5-flash', 'petrol-diesel-pump']","['model', 'id']",546,98,69,52,5,4.479591836734694,109.2,19.6,17.0,0.21305211133367155,0.009928415881262878,"[0.0006281018257141002, 0.002586633076161249, 0.0015913611221080592, 0.015050735738542348]","[0.7040816326530612, 0.979381443298969, 1.0, 1.0, 1.0]","[0.10204081632653061, 0.3917525773195876, 0.6458333333333334, 0.8, 0.8829787234042553]",2.0,3,3.337216837049985,9,0.071197676161925,0.0017705051312583153,0.16666666666666666,0,0,0,3,0,0,3,0.26466344113402934,0.1340916164445576,0.1079732903262315,0.05736355148119854,0.029292929292929294,0.1832017655547067,0.140653028888323,0.14113342761993408,91.06060176991153,6.172672566371684,8.8,12
fd554aab401f,"['gemini-1.5-flash', 'petrol-diesel-pump']","['model', 'id']",512,98,66,44,4,4.153061224489796,128.0,24.5,20.25,0.20598939231283822,0.014544543318590212,"[0.002705307620944425, 0.005726515498512219, 0.013384991858428674]","[0.673469387755102, 0.979381443298969, 1.0, 1.0, 1.0]","[0.10204081632653061, 0.36082474226804123, 0.6145833333333334, 0.8, 0.9042553191489362]",2.25,4,3.364401001636337,8,0.07836509744326274,0.015895943172924976,0.1111111111111111,0,0,0,7,0,0,7,0.28922939068100356,0.12434139784946237,0.09056451612903225,0.0,0.08698028673835126,0.2002016129032258,0.10280465949820788,0.0990297794342041,84.16064189189193,8.414481981981982,9.25,11
1509074f61a0,"['gemini-1.5-flash', 'petrol-diesel-pump']","['model', 'id']",511,89,67,49,4,4.584269662921348,127.25,22.25,19.25,0.20972370229610782,0.006767345397962051,"[0.002214902278148745, 0.007748132537711755, 0.00018798328108257656]","[0.7528089887640449, 0.9772727272727273, 0.9885057471264368, 1.0, 1.0]","[0.1348314606741573, 0.45454545454545453, 0.7241379310344828, 0.8837209302325582, 0.9411764705882353]",3.25,5,3.714007727432385,10,0.07761537780364354,0.008427323206385784,0.2,0,0,0,6,0,0,6,0.26081007115489874,0.14956212370005473,0.10652709359605911,0.037698412698412696,0.08401751505199781,0.16283524904214558,0.07553366174055828,0.10761427879333496,83.64307692307696,8.051923076923078,9.25,11
55aa666b64dd,"['gemini-1.5-flash', 'petrol-diesel-pump']","['model', 'id']",434,78,59,37,4,4.371794871794871,107.75,19.5,17.0,0.2175722396946526,0.0022459907019120964,"[0.00210584321665383, 0.0006199048625098458, 0.0006432379737044691]","[0.7564102564102564, 1.0, 1.0, 1.0, 1.0]","[0.1282051282051282, 0.35064935064935066, 0.631578947368421, 0.8266666666666667, 0.9594594594594594]",1.75,4,3.0562507667770826,9,0.09006766974925995,0.00726975159070381,0.16666666666666666,0,0,0,4,0,0,4,0.3272144522144522,0.1428987678987679,0.06522644022644022,0.03409090909090909,0.053862803862803864,0.18889443889443888,0.14235764235764237,0.1312178373336792,96.1313043478261,5.564782608695655,8.5,10
8c67e311b3a9,"['gemini-1.5-flash', 'petrol-diesel-pump']","['model', 'id']",733,130,82,63,5,4.561538461538461,146.6,26.0,22.0,0.20972654108993835,0.01221349174956013,"[0.0022307191834305407, 0.005604175410487439, 0.005636444049222145, 0.010955644855980134]","[0.6307692307692307, 0.9457364341085271, 0.9765625, 0.9921259842519685, 1.0]","[0.08461538461538462, 0.31007751937984496, 0.6015625, 0.8031496062992126, 0.9444444444444444]",1.6,3,4.093451481332249,13,0.08931328356266022,0.008421645618724716,0.2,0,0,0,5,0,0,5,0.27043643263757117,0.12584721343734626,0.1269147515637079,0.014814814814814814,0.05761473048000562,0.1976639257853679,0.13061845526741162,0.08983606100082397,76.85522448979596,9.843346938775511,10.8,14
3f8a03d0e321,"['gemini-1.5-flash', 'petrol-diesel-pump']","['model', 'id']",467,90,62,42,5,4.1,93.4,18.0,16.0,0.20897881425354678,0.023613709004926473,"[0.005346665177682425, 0.015879629150269525, 0.0033387988805770874, 0.022662324801323908]","[0.6888888888888889, 0.9550561797752809, 1.0, 1.0, 1.0]","[0.13333333333333333, 0.4157303370786517, 0.7045454545454546, 0.8045977011494253, 0.8953488372093024]",2.4,5,2.8402419510314245,7,0.07489865769942601,0.009917099291507858,0.1111111111111111,0,0,0,10,0,0,10,0.22344980097302078,0.1766455354071453,0.10206103494029191,0.01111111111111111,0.13408717873114157,0.13422477763035037,0.11417465231706718,0.12082505226135254,96.3978446601942,4.9313786407767,8.0,11
ea495e64458e,"['gemini-1.5-flash', 'petrol-diesel-pump']","['model', 'id']",527,99,68,47,5,4.222222222222222,105.4,19.8,17.4,0.2066794050500748,0.012400694791372721,"[0.0006744897726810584, 0.005819682776927931, 0.009140788302535091, 0.009166428730601361]","[0.6868686868686869, 0.9897959183673469, 1.0, 1.0, 1.0]","[0.12121212121212122, 0.40816326530612246, 0.711340206185567, 0.875, 0.9473684210526315]",2.0,3,3.2723109063557816,8,0.06070249527692795,0.014515917698451841,0.1111111111111111,0,0,0,2,0,0,2,0.28898148148148145,0.1426851851851852,0.07805555555555556,0.01990740740740741,0.04212962962962963,0.1812037037037037,0.10805555555555556,0.11574095487594604,91.53347826086959,6.206086956521741,10.0,12
2d292ec989d5,"['gemini-1.5-flash', 'petrol-diesel-pump']","['model', 'id']",430,73,57,44,4,4.726027397260274,106.75,18.25,17.0,0.2110775367024081,0.007272863545525235,"[0.005634028261358087, 0.0013461167162114873, 0.003929150340718279]","[0.7808219178082192, 0.9861111111111112, 1.0, 1.0, 1.0]","[0.1095890410958904, 0.375, 0.6197183098591549, 0.8, 0.9130434782608695]",2.0,4,2.9652198160262677,7,0.10879676540692647,0.005719654393785245,1.0,0,0,0,5,0,0,5,0.2328529657477026,0.22048872180451126,0.1529657477025898,0.013888888888888888,0.09383876357560568,0.15217209690893901,0.10998329156223893,0.09032893180847168,92.54273255813956,5.69267441860465,8.0,9
9fdc7b274e16,"['gemini-1.5-flash', 'petrol-diesel-pump']","['model', 'id']",584,101,69,55,5,4.633663366336633,116.8,20.2,19.0,0.2103924839986294,0.01063999988776304,"[0.006456237267225218, 0.008953920519832292, 0.004571687607538122, 0.0012981543809304497]","[0.6831683168316832, 0.94, 0.9696969696969697, 0.9795918367346939, 0.9896907216494846]","[0.10891089108910891, 0.35, 0.5959595959595959, 0.7857142857142857, 0.8969072164948454]",2.8,5,3.237526026604974,10,0.07947149872779846,0.007089759801342632,0.2,0,0,0,7,0,0,7,0.2901440664598559,0.16352384457647615,0.13709343288290657,0.019090909090909092,0.06928755455071245,0.14535832588464168,0.09659708712340291,0.11989092826843262,91.92145901639346,6.499770491803279,8.2,11
56f237d79519,"['gemini-1.5-flash', 'petrol-diesel-pump']","['model', 'id']",460,83,64,44,4,4.433734939759036,114.75,20.75,18.5,0.20546225513514707,0.009725525202574543,"[0.0010280011278210044, 0.003222274960893584, 0.010338011715147227]","[0.7710843373493976, 1.0, 1.0, 1.0, 1.0]","[0.13253012048192772, 0.47560975609756095, 0.7530864197530864, 0.9375, 0.9746835443037974]",2.0,3,3.329865950445219,9,0.06847334901491801,0.016950217528307276,0.1111111111111111,0,0,0,3,0,0,3,0.28640819964349373,0.10226158645276293,0.13654188948306595,0.0625,0.058266488413547236,0.16665552584670232,0.10933600713012477,0.10757482051849365,85.53750000000004,7.290833333333335,9.0,10
667b2b4f3b54,"['gemini-1.5-flash', 'petrol-diesel-pump']","['model', 'id']",551,100,76,54,5,4.4,110.2,20.0,18.2,0.21296176366419495,0.02281141845565854,"[0.016075722542073984, 0.018919289277659512, 0.007851504316233632, 0.0027763207753499497]","[0.76, 0.9797979797979798, 1.0, 1.0, 1.0]","[0.12, 0.3939393939393939, 0.7448979591836735, 0.8969072164948454, 0.96875]",2.4,3,2.785931407094198,8,0.1316357875863711,0.0019512004702115227,0.5,0,0,0,9,1,0,10,0.2846315789473684,0.16283040935672516,0.10202339181286549,0.03022222222222222,0.11097076023391812,0.11632748538011696,0.05927485380116959,0.16564536094665527,94.86861538461538,5.840273504273505,8.8,12
dc17df39e205,"['gemini-1.5-flash', 'petrol-diesel-pump']","['model', 'id']",519,90,67,51,5,4.633333333333334,103.8,18.0,16.4,0.21278903227226406,0.016156726538016877,"[0.0065586976297608846, 0.0007190621379531137, 0.007171995109981982, 0.017863698198337774]","[0.7444444444444445, 0.9887640449438202, 1.0, 1.0, 1.0]","[0.12222222222222222, 0.43820224719101125, 0.7727272727272727, 0.9310344827586207, 0.9883720930232558]",3.0,6,2.9472135955831607,9,0.10683532307545344,0.0022966632540732945,0.5,0,0,0,6,0,0,6,0.2601791038861977,0.18218173893231102,0.10689817428947863,0.00909090909090909,0.08120647468473555,0.15736970885712304,0.09068372512308438,0.13075947761535645,93.39811214953274,5.54852336448598,7.8,9
cc9aa57814a3,"['gemini-1.5-flash', 'petrol-diesel-pump']","['model', 'id']",383,71,55,35,3,4.253521126760563,127.33333333333333,23.666666666666668,20.333333333333332,0.20937963984593624,0.0038723804733970246,"[0.0031441890157305197, 0.000728191457666505]","[0.7746478873239436, 0.9714285714285714, 1.0, 1.0, 1.0]","[0.14084507042253522, 0.42857142857142855, 0.7246376811594203, 0.8970588235294118, 0.9701492537313433]",2.0,3,3.819411994713252,11,0.06561523924271266,0.00911544810672893,0.16666666666666666,0,0,0,3,0,0,3,0.29062508593900394,0.13455985479745897,0.10045925803701565,0.06124357176250584,0.055605973104529326,0.1850507383879218,0.12570469983224705,0.11382639408111572,85.20630081300813,8.165121951219515,10.666666666666666,13
07c821f4e6a1,"['gemini-1.5-flash', 'petrol-diesel-pump']","['model', 'id']",531,94,67,49,5,4.48936170212766,106.2,18.8,16.8,0.20678686634415672,0.006971433653539305,"[0.002524800734086452, 0.007988873395052831, 0.0029929122863671664, 0.00043628089157216055]","[0.7127659574468085, 0.989247311827957, 1.0, 1.0, 1.0]","[0.11702127659574468, 0.43010752688172044, 0.7282608695652174, 0.9120879120879121, 0.9777777777777777]",1.4,3,3.1250983035613977,9,0.09028073400259018,0.014300995110287984,0.5,0,0,0,5,0,0,5,0.28794903926482873,0.13414786967418546,0.12581453634085213,0.009523809523809523,0.05716374269005848,0.18515037593984962,0.11451545530492899,0.1505565643310547,90.18773684210527,6.344105263157896,8.2,10
9b907e979f42,"['gemini-1.5-flash', 'petrol-diesel-pump']","['model', 'id']",485,89,60,39,5,4.359550561797753,97.0,17.8,16.0,0.2138224188615436,0.01851606037881641,"[0.014622076352437341, 0.005163477526770682, 0.006051037046644447, 0.011195529831780349]","[0.6741573033707865, 0.9772727272727273, 1.0, 1.0, 1.0]","[0.1348314606741573, 0.5227272727272727, 0.8390804597701149, 0.9651162790697675, 1.0]",2.2,4,2.922637085137085,9,0.09519422550996144,0.00022989007551421636,0.5,0,0,0,2,7,0,9,0.262406015037594,0.16220551378446116,0.07062656641604009,0.030000000000000002,0.10115288220551379,0.14125313283208019,0.09110275689223057,0.12518072128295898,100.50464077669905,4.358563106796119,9.0,12
e581e7b8b85c,"['gemini-1.5-flash', 'petrol-diesel-pump']","['model', 'id']",588,107,77,55,5,4.420560747663552,117.6,21.4,19.4,0.208122941099032,0.010461574736294096,"[0.0012301713774055811, 0.001438240313426764, 0.010820960276054614, 0.007433777505701233]","[0.719626168224299, 0.9811320754716981, 1.0, 1.0, 1.0]","[0.102803738317757, 0.3867924528301887, 0.7238095238095238, 0.9038461538461539, 0.9805825242718447]",3.0,4,3.4264713309018417,9,0.06947400172551473,0.011628845600537396,0.2,0,0,0,2,0,0,2,0.2892135642135642,0.12326839826839826,0.14296536796536796,0.019444444444444445,0.04639249639249639,0.16713564213564214,0.09184704184704184,0.1193692684173584,88.87590322580648,7.023935483870968,9.6,12
8ab595bf1857,"['gemini-1.5-flash', 'petrol-diesel-pump']","['model', 'id']",508,93,63,49,5,4.344086021505376,101.6,18.6,16.4,0.21004510143784438,0.010778897858801359,"[0.008147316177686076, 0.005969706839985323, 0.007368928976733274, 7.18437231980451e-05]","[0.6774193548387096, 0.9565217391304348, 1.0, 1.0, 1.0]","[0.11827956989247312, 0.33695652173913043, 0.5934065934065934, 0.8222222222222222, 0.9550561797752809]",1.4,5,3.1066506355980037,9,0.0697471151749293,0.00778452492291265,0.16666666666666666,0,0,0,1,0,0,1,0.32003105590062114,0.10469289164941338,0.13008971704623878,0.017391304347826087,0.02298136645962733,0.2069703243616287,0.1272774327122153,0.10413968563079834,96.05954545454546,5.326363636363634,8.2,11
c942aeb91e93,"['gemini-1.5-flash', 'organ-empire-comply']","['model', 'id']",605,110,71,54,5,4.363636363636363,121.0,22.0,19.2,0.21226640708957994,0.004917449838168511,"[0.005546431765597104, 0.0016416824780977612, 0.0009571399444188722, 0.0016896454882232848]","[0.6454545454545455, 0.944954128440367, 0.9907407407407407, 1.0, 1.0]","[0.09090909090909091, 0.28440366972477066, 0.5555555555555556, 0.7663551401869159, 0.9056603773584906]",1.4,3,3.128312422643476,9,0.05403054008881251,0.00538864675530587,0.07142857142857142,0,0,0,4,0,0,4,0.2919980888676541,0.166951425386208,0.0901602165949992,0.009523809523809523,0.04007326007326007,0.1928702022615066,0.13526612517916867,0.11992692947387695,87.89238167938935,7.508916030534351,7.8,11
86db49d043bb,"['gemini-1.5-flash', 'organ-empire-comply']","['model', 'id']",457,82,57,39,5,4.5,91.4,16.4,14.8,0.2141260385674182,0.025034889518612546,"[0.011493986513879562, 0.014584600925445557, 0.005926548381044394, 0.01806464321685558]","[0.6951219512195121, 0.9506172839506173, 0.9875, 1.0, 1.0]","[0.12195121951219512, 0.37037037037037035, 0.625, 0.8354430379746836, 0.9487179487179487]",1.2,2,2.992303607955782,8,0.05798218150933584,0.001669383799629387,0.07142857142857142,0,0,0,5,0,0,5,0.22124542124542124,0.17362637362637362,0.09095238095238095,0.0,0.063003663003663,0.17600732600732602,0.12062271062271063,0.11278325319290161,94.04473684210527,4.862105263157897,8.2,10
da3d1d778790,"['gemini-1.5-flash', 'organ-empire-comply']","['model', 'id']",460,84,64,40,3,4.369047619047619,153.0,28.0,25.333333333333332,0.21149152570810073,0.008912418133173228,"[0.00026224056879678437, 0.008650177564376443]","[0.7619047619047619, 0.9879518072289156, 1.0, 1.0, 1.0]","[0.10714285714285714, 0.3493975903614458, 0.6341463414634146, 0.8395061728395061, 0.925]",4.666666666666667,5,3.9462608987256877,11,0.059992484748363495,0.006938409518264299,0.07142857142857142,0,0,0,7,1,0,8,0.26501543209876544,0.16714506172839505,0.04844135802469136,0.0,0.13010802469135802,0.15479938271604937,0.17756172839506174,0.12338566780090332,79.40701754385965,10.050526315789476,11.666666666666666,13
330038f35051,"['gemini-1.5-flash', 'organ-empire-comply']","['model', 'id']",382,67,50,38,3,4.552238805970149,127.33333333333333,22.333333333333332,19.333333333333332,0.21556317229698257,0.011797831700234906,"[0.007427682149856479, 0.004370149550378427]","[0.746268656716418, 0.9696969696969697, 1.0, 1.0, 1.0]","[0.14925373134328357, 0.4393939393939394, 0.7230769230769231, 0.875, 0.9682539682539683]",1.6666666666666667,3,3.751899696048632,10,0.056056179106235504,0.0012048836594993895,0.1111111111111111,0,1,0,1,0,1,1,0.2526455026455026,0.14682539682539683,0.12433862433862433,0.0,0.03042328042328042,0.21031746031746032,0.13227513227513227,0.14372283220291138,85.43,8.051111111111116,7.666666666666667,10
2d42f73aafd2,"['gemini-1.5-flash', 'organ-empire-comply']","['model', 'id']",547,97,59,44,5,4.546391752577319,109.4,19.4,17.4,0.21093591707453416,0.009073810776074734,"[0.0027243449832453914, 0.004237439776911878, 0.007234178696359922, 0.003951658095632277]","[0.6082474226804123, 0.9270833333333334, 1.0, 1.0, 1.0]","[0.10309278350515463, 0.3541666666666667, 0.6210526315789474, 0.8404255319148937, 0.946236559139785]",2.4,4,3.126372941808172,11,0.07681093613306682,0.008049626785397446,0.07142857142857142,0,0,0,3,0,0,3,0.2957504873294347,0.1430896686159844,0.07398148148148148,0.025,0.06117446393762183,0.1739278752436647,0.12444931773879142,0.16403567790985107,92.55794690265489,5.963823008849555,8.2,11
a36728dd0c20,"['gemini-1.5-flash', 'organ-empire-comply']","['model', 'id']",603,106,73,53,5,4.584905660377358,120.6,21.2,19.2,0.20873613432806704,0.013046352472497427,"[0.004155600922448294, 0.009852226433299832, 0.007695505401444813, 0.004389372187801915]","[0.6886792452830188, 0.9714285714285714, 1.0, 1.0, 1.0]","[0.10377358490566038, 0.3333333333333333, 0.6346153846153846, 0.8640776699029126, 0.9803921568627451]",2.8,4,3.395098824314071,11,0.04791906724373499,0.012449192278331689,0.07142857142857142,0,0,0,1,3,0,4,0.28414021164021164,0.1735846560846561,0.08493386243386243,0.02142857142857143,0.04874338624338624,0.1557010582010582,0.14346560846560846,0.11636745929718018,84.98703278688528,7.466983606557378,9.8,16
4896de8578e3,"['gemini-1.5-flash', 'organ-empire-comply']","['model', 'id']",461,84,59,43,4,4.357142857142857,115.0,21.0,18.5,0.21345362103526644,0.01092546534519745,"[0.011929502367695466, 0.0012559114080487044, 0.0032027842420520036]","[0.7023809523809523, 0.9879518072289156, 1.0, 1.0, 1.0]","[0.10714285714285714, 0.3373493975903614, 0.6341463414634146, 0.8148148148148148, 0.9125]",2.0,3,3.208766745468873,8,0.05197964608669281,0.0030142188639328826,0.1111111111111111,0,0,0,3,1,0,4,0.2915695248351057,0.10988423744783955,0.15164625117781666,0.05941176470588235,0.05343922466011576,0.15697940503432495,0.12833624983174047,0.11389601230621338,87.87158163265306,7.089489795918368,7.25,8
d7fd7d4a5a01,"['gemini-1.5-flash', 'organ-empire-comply']","['model', 'id']",495,90,59,42,5,4.355555555555555,98.2,18.0,15.8,0.21526537761178718,0.013776069955948059,"[0.010229603449503577, 0.00741406944062975, 0.0022820596002105786, 0.0076264074215522115]","[0.6555555555555556, 0.9662921348314607, 1.0, 1.0, 1.0]","[0.1111111111111111, 0.42696629213483145, 0.7272727272727273, 0.8850574712643678, 0.9651162790697675]",2.0,4,3.0276341722793334,9,0.05443761001030604,0.0006092942891086084,0.07142857142857142,0,0,0,5,0,0,5,0.2758929374718848,0.13965811965811967,0.08249212775528565,0.06608187134502924,0.05932973459289249,0.18501124606387764,0.08865946918578498,0.10022282600402832,87.14907547169813,6.3704528301886825,7.4,11
f2ebe70ba382,"['gemini-1.5-flash', 'organ-empire-comply']","['model', 'id']",422,72,53,35,4,4.680555555555555,104.75,18.0,15.5,0.21769141259313632,0.012908142237436174,"[0.0012089371681213157, 0.006121690736876573, 0.012031585451156374]","[0.7361111111111112, 1.0, 1.0, 1.0, 1.0]","[0.1388888888888889, 0.5070422535211268, 0.7714285714285715, 0.9420289855072463, 1.0]",3.5,5,2.835687628747222,7,0.05725713074207306,0.005461364251806877,0.07142857142857142,0,0,0,3,0,0,3,0.28799019607843135,0.1732843137254902,0.07524509803921568,0.029411764705882353,0.056372549019607844,0.16495098039215686,0.10637254901960784,0.10306036472320557,88.60784883720932,6.241511627906977,7.5,9
2efba6ca0885,"['gemini-1.5-flash', 'organ-empire-comply']","['model', 'id']",595,99,72,52,5,4.858585858585859,118.6,19.8,18.2,0.21046882679020118,0.025670238155307196,"[0.007391619654524312, 0.018434335635258592, 0.017408337015094172, 0.008106184005737316]","[0.7272727272727273, 0.9795918367346939, 1.0, 1.0, 1.0]","[0.1111111111111111, 0.35714285714285715, 0.6288659793814433, 0.78125, 0.8736842105263158]",3.2,5,3.3783617849655587,10,0.06882423907518387,0.0089838073540634,0.5,0,0,0,7,3,0,10,0.27527665317139,0.20547908232118758,0.06543859649122807,0.010526315789473684,0.12004048582995952,0.1372604588394062,0.11340080971659919,0.149258553981781,79.684,7.958222222222222,9.6,12
8325b166f542,"['gemini-1.5-flash', 'organ-empire-comply']","['model', 'id']",390,74,51,34,5,4.148648648648648,78.0,14.8,13.2,0.21447136196010677,0.005574098560545179,"[0.0006734357939826296, 0.0032719175020853586, 0.006381846798790836, 0.0008209970262315347]","[0.6891891891891891, 1.0, 1.0, 1.0, 1.0]","[0.16216216216216217, 0.5068493150684932, 0.8055555555555556, 0.9014084507042254, 0.9428571428571428]",1.2,3,2.464915785350568,6,0.061095175643761955,0.0009787370142522178,0.1111111111111111,0,0,0,4,0,0,4,0.2760720325426208,0.13453357100415925,0.05661319073083779,0.06713286713286713,0.06977558389323095,0.15962978198272315,0.10253393665158371,0.13060200214385986,104.37100000000001,3.0740000000000016,6.8,10
9e9e471e629f,"['gemini-1.5-flash', 'organ-empire-comply']","['model', 'id']",477,83,59,39,4,4.614457831325301,118.5,20.75,18.75,0.21466535193073927,0.003937866731926254,"[0.0010872162050671041, 0.0006451778941684305, 0.004174405998653846]","[0.7108433734939759, 1.0, 1.0, 1.0, 1.0]","[0.14457831325301204, 0.4268292682926829, 0.7407407407407407, 0.925, 0.9873417721518988]",2.75,4,3.4117016317016318,11,0.06168894718090693,0.0005907570729872247,0.1111111111111111,0,0,0,7,1,0,8,0.3171428571428571,0.13238095238095238,0.040357142857142855,0.04041666666666666,0.10660714285714286,0.13029761904761905,0.13654761904761906,0.11729252338409424,79.42769736842108,8.080921052631581,10.25,14
5d1eb3f15805,"['gemini-1.5-flash', 'organ-empire-comply']","['model', 'id']",450,79,52,33,3,4.6075949367088604,150.0,26.333333333333332,21.0,0.2165686400099234,0.008431022271608246,"[0.002823895031398377, 0.005607127240209869]","[0.6582278481012658, 0.9743589743589743, 0.987012987012987, 1.0, 1.0]","[0.1518987341772152, 0.46153846153846156, 0.6883116883116883, 0.8157894736842105, 0.9066666666666666]",3.6666666666666665,5,4.093948835059674,11,0.053248422841231026,0.0032158190853810442,0.07142857142857142,0,0,0,3,0,0,3,0.2910731244064577,0.16524216524216526,0.012820512820512822,0.04985754985754986,0.07597340930674264,0.1899335232668566,0.11348528015194682,0.14738154411315918,74.86500000000002,10.27,12.666666666666666,14
e2a90a1484c9,"['gemini-1.5-flash', 'organ-empire-comply']","['model', 'id']",552,101,73,47,5,4.356435643564357,110.4,20.2,17.8,0.2142318325060369,0.01564653837491596,"[0.004550390584128261, 0.003144762732765899, 0.012658947886842659, 0.010938975546095103]","[0.7227722772277227, 0.97, 1.0, 1.0, 1.0]","[0.1188118811881188, 0.4, 0.6363636363636364, 0.7857142857142857, 0.8762886597938144]",2.4,6,3.0034721067221066,10,0.059237984319527946,0.00145779592239198,0.1111111111111111,0,0,0,7,0,0,7,0.23858133610455592,0.1373927414175092,0.10448490621865235,0.06452950558213716,0.08153528617924903,0.15499476787402483,0.11209768559613761,0.1094045639038086,91.9763076923077,6.24369230769231,9.2,15
8eaf9be0b772,"['gemini-1.5-flash', 'organ-empire-comply']","['model', 'id']",458,79,61,43,5,4.670886075949367,91.0,15.8,14.2,0.21477934074560273,0.11220890065980337,"[0.0032188743352890015, 0.004661827759137233, 0.004497693455408486, 0.212039405769772]","[0.7721518987341772, 0.9743589743589743, 1.0, 1.0, 1.0]","[0.13924050632911392, 0.358974358974359, 0.6103896103896104, 0.7894736842105263, 0.88]",1.8,4,2.5482780289788076,6,0.07705738643805186,0.0003627794432602971,0.1111111111111111,0,0,0,6,0,0,6,0.22949019607843138,0.17151633986928105,0.10598692810457516,0.0,0.10973856209150328,0.142640522875817,0.09484967320261438,0.11801016330718994,96.2024782608696,4.412086956521737,5.8,7
0437bd87442c,"['gemini-1.5-flash', 'organ-empire-comply']","['model', 'id']",285,53,42,24,3,4.226415094339623,94.33333333333333,17.666666666666668,16.0,0.21371198110822318,0.030785492488316163,"[0.012175340737615337, 0.018610151750700826]","[0.7924528301886793, 0.9807692307692307, 1.0, 1.0, 1.0]","[0.20754716981132076, 0.6730769230769231, 0.8627450980392157, 0.94, 1.0]",1.3333333333333333,3,2.9818920916481892,9,0.06256882598002751,0.0024974987180194086,0.1111111111111111,0,0,0,5,0,0,5,0.27616747181964574,0.1320450885668277,0.05555555555555555,0.061996779388083734,0.11876006441223833,0.14412238325281804,0.10829307568438003,0.12540125846862793,92.86285714285715,5.5238095238095255,9.666666666666666,12
bdd89153d0f2,"['gemini-1.5-flash', 'organ-empire-comply']","['model', 'id']",491,92,63,46,4,4.206521739130435,122.0,23.0,19.0,0.21150407958145878,0.007957530824423612,"[0.00415126569945401, 0.0006915390746206063, 0.0070934914625608025]","[0.6847826086956522, 0.967032967032967, 1.0, 1.0, 1.0]","[0.10869565217391304, 0.3626373626373626, 0.6444444444444445, 0.8202247191011236, 0.9318181818181818]",3.75,6,3.4900132246589024,9,0.06995172550280888,0.006913301771548197,0.07142857142857142,0,0,0,9,0,0,9,0.30573529411764705,0.12441176470588236,0.08661764705882354,0.008333333333333333,0.09053921568627452,0.161078431372549,0.15661764705882353,0.1038210391998291,84.31125000000003,8.020833333333332,9.0,12
be5e676a65f8,"['gemini-1.5-flash', 'organ-empire-comply']","['model', 'id']",379,72,51,35,4,4.125,94.25,18.0,15.25,0.21134974084982353,0.007240195186049847,"[0.0051775925689273306, 0.0027257401533801184, 0.0029569600567673215]","[0.7083333333333334, 0.9436619718309859, 1.0, 1.0, 1.0]","[0.1527777777777778, 0.4225352112676056, 0.7428571428571429, 0.9420289855072463, 1.0]",2.25,3,3.160708544329234,9,0.06002599000930786,0.0072219792348187095,0.07142857142857142,0,0,0,5,0,0,5,0.30453170970905524,0.11484042987904544,0.08852464040536123,0.0,0.07313460281137626,0.18956869074861066,0.14151377084014383,0.10930144786834717,90.84857142857145,5.804761904761907,8.25,12
f6b607b9d2d1,"['gemini-1.5-flash', 'organ-empire-comply']","['model', 'id']",337,60,44,32,3,4.5,112.33333333333333,20.0,17.666666666666668,0.2135434179536758,0.007637471502477483,"[0.00031706997842501083, 0.007320401524052472]","[0.7333333333333333, 0.9830508474576272, 1.0, 1.0, 1.0]","[0.18333333333333332, 0.5084745762711864, 0.7758620689655172, 0.9473684210526315, 0.9821428571428571]",3.6666666666666665,4,3.246004092693988,9,0.05875659237305323,0.0028346250271141793,0.07142857142857142,0,0,0,4,0,0,4,0.29970760233918126,0.1836675020885547,0.06675020885547202,0.016666666666666666,0.06507936507936508,0.16779448621553883,0.1001670843776107,0.18036210536956787,85.25738095238096,7.164285714285715,8.333333333333334,9
e842098ca59b,"['gemini-1.5-flash', 'organ-empire-comply']","['model', 'id']",435,79,58,40,5,4.379746835443038,87.0,15.8,14.6,0.21333907200739935,0.014002423656146887,"[0.0017822185788253508, 0.0006992750697665806, 0.005700375825639731, 0.01982297783806211]","[0.7341772151898734, 0.9487179487179487, 0.987012987012987, 1.0, 1.0]","[0.12658227848101267, 0.3974358974358974, 0.7142857142857143, 0.9342105263157895, 0.9733333333333334]",2.2,5,2.905223144976466,9,0.08199753115574519,0.003243316919667061,0.5,0,0,0,4,2,0,6,0.31389154323936935,0.1095078834209269,0.07316053511705686,0.0,0.09211657907310081,0.16729574773053035,0.08656832298136646,0.1279125213623047,101.16894736842106,3.8684210526315788,7.2,9
16c94c4d7808,"['gemini-1.5-flash', 'organ-empire-comply']","['model', 'id']",297,52,36,27,3,4.576923076923077,99.0,17.333333333333332,15.333333333333334,0.213293684683634,0.017157523469491454,"[0.0040342771344714645, 0.013123246335019989]","[0.6923076923076923, 0.9803921568627451, 1.0, 1.0, 1.0]","[0.15384615384615385, 0.45098039215686275, 0.78, 0.9183673469387755, 0.9791666666666666]",1.3333333333333333,2,3.1137415824915826,8,0.06590148309866588,0.0033340915671977722,0.1111111111111111,0,0,0,3,0,0,3,0.25,0.17083333333333334,0.13333333333333333,0.0,0.058333333333333334,0.19166666666666668,0.1375,0.15937519073486328,97.16478494623658,4.840967741935483,7.0,8
54c881125553,"['gemini-1.5-flash', 'organ-empire-comply']","['model', 'id']",703,124,86,63,5,4.564516129032258,140.6,24.8,21.8,0.2123226461139509,0.009828535377076189,"[0.005040367999497586, 0.0017140040210649188, 0.009462523154723346, 0.003440175578866528]","[0.6935483870967742, 0.983739837398374, 1.0, 1.0, 1.0]","[0.0967741935483871, 0.3170731707317073, 0.6147540983606558, 0.8016528925619835, 0.8833333333333333]",3.0,4,3.3084111326784216,10,0.05378210792938868,0.005276168706563944,0.07142857142857142,0,0,0,2,4,0,6,0.2676731078904992,0.17697262479871176,0.09847020933977456,0.014814814814814814,0.0537037037037037,0.16956521739130434,0.13735909822866343,0.12006688117980957,81.49350704225354,8.947971830985917,10.0,12
104aa0ca95e0,"['gemini-1.5-flash', 'organ-empire-comply']","['model', 'id']",612,108,73,55,5,4.583333333333333,122.4,21.6,19.8,0.2117754183232985,0.0058195998956075135,"[0.006856851874690373, 0.00028539252659631753, 0.0003771989264040043, 0.004119756463524332]","[0.6759259259259259, 0.9719626168224299, 1.0, 1.0, 1.0]","[0.09259259259259259, 0.308411214953271, 0.6132075471698113, 0.8571428571428571, 0.9711538461538461]",2.6,4,3.3338208355571766,11,0.05176985512177149,0.006370624287868776,0.07142857142857142,0,0,0,6,0,0,6,0.2896948665369718,0.15623061149376938,0.09497187023502812,0.0,0.07122877122877122,0.15641095746358905,0.13819233398180766,0.11190927028656006,84.88551219512198,7.530829268292685,9.6,11
7ebb1369d1b4,"['gemini-1.5-flash', 'organ-empire-comply']","['model', 'id']",494,88,61,43,4,4.488636363636363,123.5,22.0,19.5,0.2121805287278768,0.009142112747702009,"[0.00026335852159248274, 0.0010337446781014115, 0.01241606592185912]","[0.6931818181818182, 0.9770114942528736, 1.0, 1.0, 1.0]","[0.10227272727272728, 0.3448275862068966, 0.6627906976744186, 0.8235294117647058, 0.9166666666666666]",2.25,4,3.2905892911315604,10,0.051439901192982994,0.0055604034787121726,0.07142857142857142,0,0,0,3,5,0,8,0.2739232445114798,0.17670102228925758,0.10373722138428021,0.0,0.11391821685939332,0.15619239148650912,0.10882771912183677,0.09970194101333618,88.70651699029129,7.283567961165051,8.75,11
6ed087b43334,"['gemini-1.5-flash', 'organ-empire-comply']","['model', 'id']",363,64,50,32,3,4.546875,120.66666666666667,21.333333333333332,19.0,0.21645260085501977,0.015902152384593832,"[0.012941836648517197, 0.0029603157360766352]","[0.78125, 0.9841269841269841, 1.0, 1.0, 1.0]","[0.171875, 0.4444444444444444, 0.6612903225806451, 0.819672131147541, 0.9166666666666666]",1.3333333333333333,2,3.023789173789174,7,0.05922232071558634,0.0029837407755737844,0.1111111111111111,0,0,0,3,0,0,3,0.2975095785440613,0.10632183908045978,0.10708812260536399,0.051149425287356325,0.05555555555555556,0.16340996168582375,0.14042145593869731,0.14511334896087646,88.05238738738741,7.105675675675677,9.333333333333334,12
