result_id,group_id,group_by,metric_length_in_chars,metric_length_in_words,metric_length_in_unique_words,metric_length_in_concepts,metric_length_in_sentences,metric_type_token_ratio,metric_avg_word_length_in_chars,metric_avg_sentence_length_in_chars,metric_avg_sentence_length_in_words,metric_avg_sentence_length_in_unique_words,metric_length_in_first_person_singular,metric_length_in_first_person_plural,metric_length_in_second_person,metric_length_in_third_person_singular,metric_length_in_third_person_plural,metric_length_in_first_person,metric_length_in_third_person,metric_dsi,metric_surprise,metric_raw_surprises,metric_n_gram_diversity,metric_pos_diversity,metric_avg_dep_num_clauses,metric_max_dep_num_clauses,metric_avg_dep_path_length,metric_max_dep_path_length,metric_avg_constituency_tree_depth,metric_max_constituency_tree_depth,metric_readability_flesch_ease,metric_readability_flesch_kincaid,metric_avg_pos_noun_ratio,metric_avg_pos_verb_ratio,metric_avg_pos_adj_ratio,metric_avg_pos_adv_ratio,metric_avg_pos_pron_ratio,metric_avg_pos_det_ratio,metric_avg_pos_adp_ratio,metric_inv_homogen,metric_novelty,metric_theme_uniqueness
45f31793c78c,"['gpt-4', 'stamp-letter-send']","['model', 'id']",822,136,90,61,5,0.6617647058823529,4.897058823529412,163.6,27.2,23.2,0,0,0,1,3,0,4,0.2143680315200097,0.007019017591620921,"[0.0066383237640062764, 0.0009693726897239685, 0.0005854338407516313, 0.005844904888759966]","[0.6617647058823529, 0.9777777777777777, 1.0, 1.0, 1.0]","[0.08088235294117647, 0.3111111111111111, 0.5970149253731343, 0.8120300751879699, 0.9242424242424242]",3.8,8,3.4757225983631073,10,11.0,13,67.61083018867924,11.728981132075472,0.3167965367965368,0.09831168831168831,0.0695021645021645,0.01606060606060606,0.05415584415584416,0.19432900432900432,0.11922077922077923,0.1446056871703177,0.0027735499799625973,1.0
7f5544ced418,"['gpt-4', 'stamp-letter-send']","['model', 'id']",815,154,91,56,5,0.5909090909090909,4.194805194805195,162.2,30.8,26.0,0,0,0,17,0,0,17,0.20678661063119963,0.0034103178263250045,"[7.710547158212844e-05, 0.002139876147250197, 0.002380124408326245, 0.0022235296254914383]","[0.5909090909090909, 0.9477124183006536, 0.993421052631579, 1.0, 1.0]","[0.08441558441558442, 0.3202614379084967, 0.6052631578947368, 0.8145695364238411, 0.9066666666666666]",3.8,5,3.687443879503581,11,12.8,16,72.18515789473686,11.687181286549713,0.22652872814163136,0.145954165309004,0.09550885196046487,0.03243184533507114,0.13944281524926685,0.12490496361464103,0.11340284566091018,0.12612450484073523,0.017936391757582715,1.0
d18db9c84ba7,"['gpt-4', 'stamp-letter-send']","['model', 'id']",648,109,73,46,5,0.6697247706422018,4.798165137614679,128.8,21.8,19.8,0,0,0,4,0,0,4,0.2108318533298474,0.019397548749465657,"[0.004508611844691923, 0.016462385246896333, 0.014253408710161841, 0.0035706916971812164]","[0.6697247706422018, 0.9537037037037037, 1.0, 1.0, 1.0]","[0.11926605504587157, 0.4537037037037037, 0.7570093457943925, 0.9056603773584906, 0.9619047619047619]",2.8,7,3.3888969136360974,8,9.0,12,71.14061417322836,9.646708661417325,0.2697800991279252,0.09671272769098856,0.09909524855177029,0.037267080745341616,0.03981481481481482,0.17296202187506535,0.12534898676203024,0.12770915392673376,0.009845906360287149,0.5
6869b6975c5c,"['gpt-4', 'stamp-letter-send']","['model', 'id']",602,111,77,43,5,0.6936936936936937,4.2342342342342345,119.6,22.2,19.6,0,0,0,6,2,0,8,0.21103636694376915,0.02268293352026643,"[0.009419756134351087, 0.010646185988471613, 0.010018315354546364, 0.015281609563163795]","[0.6936936936936937, 0.9545454545454546, 1.0, 1.0, 1.0]","[0.11711711711711711, 0.44545454545454544, 0.7339449541284404, 0.8888888888888888, 0.9719626168224299]",2.8,5,3.1780183052241875,10,9.0,12,86.68333333333334,7.8762962962962995,0.1924812030075188,0.15480367585630744,0.07243107769423558,0.04444444444444444,0.12109440267335003,0.14486215538847116,0.11211361737677526,0.12711362766497064,0.009436879132443676,0.2
785da173d5de,"['gpt-4', 'stamp-letter-send']","['model', 'id']",873,145,112,74,5,0.7724137931034483,4.882758620689655,173.8,29.0,27.0,0,1,0,3,2,1,5,0.213240963205149,0.015544915598654563,"[0.013110127376235292, 0.0018570635315615092, 0.013260278015425703, 0.0028623622740866217]","[0.7724137931034483, 0.9930555555555556, 1.0, 1.0, 1.0]","[0.08275862068965517, 0.4027777777777778, 0.7272727272727273, 0.9154929577464789, 0.9858156028368794]",4.4,10,3.5434336965650997,10,11.0,17,70.3073529411765,11.899411764705885,0.23651365651365652,0.16258258258258257,0.09493779493779493,0.06821821821821822,0.07392392392392393,0.10775918775918776,0.1208093808093808,0.12053255781982884,0.005027686609684001,0.5
292df51c1834,"['gpt-4', 'stamp-letter-send']","['model', 'id']",611,114,71,38,5,0.6228070175438597,4.271929824561403,121.4,22.8,20.4,0,0,0,7,0,0,7,0.2093850849024093,0.010642759667502513,"[0.004725504583782625, 0.0037449197937743928, 0.002511087692145142, 0.010304007265302867]","[0.6228070175438597, 0.9646017699115044, 1.0, 1.0, 1.0]","[0.11403508771929824, 0.45132743362831856, 0.7321428571428571, 0.8918918918918919, 0.9363636363636364]",3.0,5,3.074687614176105,10,10.0,13,85.676,7.6690000000000005,0.24069075851684546,0.11669301712779973,0.09604931300583475,0.03778656126482213,0.07136834180312442,0.1218068887634105,0.08644456992283078,0.11515872948097461,0.012739443215163349,0.2
60e022c9497e,"['gpt-4', 'stamp-letter-send']","['model', 'id']",563,99,70,44,5,0.7070707070707071,4.515151515151516,111.8,19.8,18.6,0,0,0,3,2,0,5,0.21166741123411167,0.0050005990007448015,"[0.00024013782476450807, 0.0038011220067438456, 0.005826890941650148, 0.00013304722833110127]","[0.7070707070707071, 0.9591836734693877, 0.9896907216494846, 1.0, 1.0]","[0.12121212121212122, 0.40816326530612246, 0.711340206185567, 0.8645833333333334, 0.9578947368421052]",1.6,2,2.9649589626060213,7,7.8,9,86.91476923076924,6.949675213675214,0.24424585218702866,0.1010633484162896,0.12244343891402715,0.04410256410256411,0.0695550527903469,0.18831825037707392,0.1244947209653092,0.1318751501314568,0.008174790551758626,0.5
ee2c9473756e,"['gpt-4', 'stamp-letter-send']","['model', 'id']",737,133,89,57,5,0.6691729323308271,4.428571428571429,146.6,26.6,24.0,0,0,0,8,0,0,8,0.20981748446934206,0.019285295661153168,"[0.007577719735654631, 0.016002685373479653, 0.0052355657207137085, 0.009754620492458344]","[0.6691729323308271, 0.9772727272727273, 1.0, 1.0, 1.0]","[0.09774436090225563, 0.42424242424242425, 0.7251908396946565, 0.9, 0.9689922480620154]",5.2,12,3.4255760368663597,10,9.8,15,72.53299337748346,10.644953642384106,0.22816709717130473,0.18435923400860288,0.06945871938859316,0.0064516129032258064,0.07096377082351837,0.13290192616980837,0.1306578868991211,0.11763004100683963,0.011874644081297847,0.25
8e71af4478a9,"['gpt-4', 'stamp-letter-send']","['model', 'id']",794,138,93,66,5,0.6739130434782609,4.6521739130434785,158.0,27.6,23.6,0,0,0,10,0,0,10,0.214369818825266,0.017668150638763896,"[0.005298359075308706, 0.003863827568112016, 0.020526336821722196, 0.005647777812384874]","[0.6739130434782609, 0.9854014598540146, 1.0, 1.0, 1.0]","[0.09420289855072464, 0.3357664233576642, 0.5808823529411765, 0.7555555555555555, 0.8880597014925373]",3.2,6,3.517175053292373,9,11.0,13,74.49248051948054,10.5207012987013,0.2843634859763892,0.12415783141589593,0.0951876080908339,0.012512218963831867,0.09711068501391082,0.1628693886758403,0.144571020377472,0.14753032272512262,0.0027699753694499507,0.3333333333333333
31d9dcd571c0,"['gpt-4', 'stamp-letter-send']","['model', 'id']",814,139,93,59,5,0.6690647482014388,4.726618705035971,162.0,27.8,23.6,0,0,0,5,3,0,8,0.2101817274915761,0.020989974402325418,"[0.005496212366348507, 0.005689387090785397, 0.01641657584474915, 0.014377773502767782]","[0.6690647482014388, 0.9710144927536232, 1.0, 1.0, 1.0]","[0.08633093525179857, 0.37681159420289856, 0.7372262773722628, 0.9338235294117647, 0.9925925925925926]",2.8,5,3.331470588235294,11,11.0,16,70.10976397515529,11.479801242236029,0.26180463680463684,0.12312763812763813,0.10032539532539532,0.045116550116550115,0.06700623700623701,0.15134851634851634,0.11197127197127196,0.13033609859871143,0.011146158036829779,0.25
ab6f0432c784,"['gpt-4', 'stamp-letter-send']","['model', 'id']",501,90,61,35,5,0.6777777777777778,4.444444444444445,99.4,18.0,16.4,0,0,0,9,0,0,9,0.20780641080952492,0.00854864125213925,"[0.006632234605531834, 0.0033093078268898735, 0.0012994474834865932, 0.005856292588370199]","[0.6777777777777778, 0.9887640449438202, 1.0, 1.0, 1.0]","[0.13333333333333333, 0.5056179775280899, 0.75, 0.896551724137931, 0.9651162790697675]",2.6,3,3.193673299364854,9,8.4,10,90.3415283018868,5.925169811320757,0.2219126246990024,0.15517715858273134,0.09026487788097695,0.0327485380116959,0.1217750257997936,0.11241830065359476,0.12235982112143103,0.11837906909711433,0.015896791400932142,0.2
56d0d36300da,"['gpt-4', 'stamp-letter-send']","['model', 'id']",905,154,95,64,5,0.6168831168831169,4.753246753246753,180.2,30.8,26.2,0,0,0,4,2,0,6,0.2128030320126859,0.013180128220236773,"[0.0033070768301303455, 0.006469824910163874, 0.0017281356311979745, 0.014855219068981351]","[0.6168831168831169, 0.954248366013072, 1.0, 1.0, 1.0]","[0.07792207792207792, 0.32679738562091504, 0.618421052631579, 0.847682119205298, 0.9533333333333334]",4.4,7,3.3886057692307694,8,9.6,13,62.53857142857143,13.231428571428573,0.2605262405262405,0.11010839410839411,0.08541798941798942,0.018738738738738738,0.046048906048906046,0.18959244959244959,0.1272935792935793,0.1233745018641154,0.005903548994610153,0.25
646e71fb5f6c,"['gpt-4', 'stamp-letter-send']","['model', 'id']",844,144,104,65,5,0.7222222222222222,4.75,168.0,28.8,25.2,0,0,0,3,4,0,7,0.21625313498079776,0.010328557767449717,"[0.0028065687495898717, 0.004615192514619032, 0.0008266512191656972, 0.012408703051524833]","[0.7222222222222222, 0.972027972027972, 0.9929577464788732, 1.0, 1.0]","[0.08333333333333333, 0.3356643356643357, 0.6408450704225352, 0.8226950354609929, 0.9357142857142857]",3.8,7,3.0825880451341483,9,11.2,13,74.61348466257671,10.950993865030675,0.2723575136394936,0.11857122993802638,0.08978858784893268,0.01935483870967742,0.07014871020710843,0.13767016261454526,0.12640235181948195,0.1553109342401678,0.0009966569416135496,0.3333333333333333
517ef11b15b9,"['gpt-4', 'stamp-letter-send']","['model', 'id']",726,121,85,52,5,0.7024793388429752,4.818181818181818,144.4,24.2,22.6,0,0,0,4,2,0,6,0.20841324419277646,0.005099850001872755,"[0.001229776803291227, 0.00010575670184509445, 0.005308252031152899, 0.0035559144674562893]","[0.7024793388429752, 0.9833333333333333, 0.9915966386554622, 1.0, 1.0]","[0.09917355371900827, 0.4083333333333333, 0.7226890756302521, 0.9067796610169492, 0.9829059829059829]",3.2,5,2.8005696936391113,8,9.6,13,74.63398630136987,10.103479452054795,0.24422647527910685,0.12688197767145135,0.11517743221690589,0.04787878787878788,0.06503389154704944,0.10911682615629983,0.12889354066985645,0.11882340727430402,0.014683124634429057,0.5
024a6a515813,"['gpt-4', 'stamp-letter-send']","['model', 'id']",919,155,114,72,5,0.7354838709677419,4.84516129032258,183.0,31.0,28.6,0,0,0,5,0,0,5,0.2164517196131424,0.009904632980662187,"[0.004876706713721868, 0.0044933415594555215, 0.0025325353110666193, 0.007906682377080365]","[0.7354838709677419, 0.9935064935064936, 1.0, 1.0, 1.0]","[0.08387096774193549, 0.34415584415584416, 0.6143790849673203, 0.7960526315789473, 0.9470198675496688]",4.4,9,3.972647014123322,11,13.0,17,61.63024137931035,13.308436781609199,0.23118327083544477,0.15326901118205466,0.11284301206040337,0.03459903381642512,0.04773007668659843,0.13357879801358064,0.1352110401675619,0.12387626279484142,0.0013938262063028506,0.25
aede7b54ea2a,"['gpt-4', 'stamp-letter-send']","['model', 'id']",503,92,65,36,5,0.7065217391304348,4.315217391304348,99.8,18.4,17.0,0,0,2,3,1,0,4,0.20826391965623886,0.005650242014880805,"[0.0021296328022366307, 0.004912745857995643, 0.00021537482136427255, 0.004042730548165063]","[0.7065217391304348, 0.967032967032967, 0.9888888888888889, 1.0, 1.0]","[0.13043478260869565, 0.42857142857142855, 0.7666666666666667, 0.9101123595505618, 0.9772727272727273]",2.4,4,2.9325,10,9.4,13,90.911,5.945111111111114,0.22911928651059085,0.17168338907469344,0.06613154960981048,0.028717948717948718,0.07018952062430324,0.12557413600891862,0.0968561872909699,0.13061221260013003,0.014981773707504253,0.3333333333333333
489c79c2e6c2,"['gpt-4', 'stamp-letter-send']","['model', 'id']",647,106,79,48,5,0.7452830188679245,4.943396226415095,128.6,21.2,19.4,0,0,0,3,0,0,3,0.21322552991885665,0.008649458324410358,"[0.005057011804883438, 0.00044050246778162827, 0.005382754706373116, 0.0064186476697825345]","[0.7452830188679245, 0.9428571428571428, 0.9807692307692307, 0.9902912621359223, 1.0]","[0.10377358490566038, 0.4095238095238095, 0.7115384615384616, 0.883495145631068, 0.9803921568627451]",2.2,4,3.1679431192336445,9,9.2,10,71.14160000000001,9.5472,0.25562919155596503,0.150998048480886,0.09385519133802886,0.02774327122153209,0.04919115971747551,0.1392483184245198,0.17826186018405699,0.11248008771376176,0.005058553182268666,0.25
dbb87e89919e,"['gpt-4', 'stamp-letter-send']","['model', 'id']",580,100,69,40,5,0.69,4.64,115.2,20.0,18.8,0,0,0,3,1,0,4,0.20897707228477186,0.006178359871421929,"[0.00027958552042642304, 0.00468035462575081, 0.000846414331696993, 0.006550365264969632]","[0.69, 1.0, 1.0, 1.0, 1.0]","[0.13, 0.41414141414141414, 0.6938775510204082, 0.8969072164948454, 0.9791666666666666]",2.6,3,3.002936857946738,10,8.6,11,80.40707692307694,7.857367521367522,0.20039218028348463,0.17448041089345437,0.05182353878006052,0.07586598184424272,0.047107421563943305,0.1312609491957318,0.13423713967192227,0.12607932090759277,0.013555468450438257,0.3333333333333333
8450a9328083,"['gpt-4', 'stamp-letter-send']","['model', 'id']",812,131,94,62,5,0.7175572519083969,5.030534351145038,161.6,26.2,23.0,0,0,0,2,1,0,3,0.21686964019904498,0.014806103424513065,"[0.0023008458839826884, 0.013704170783360808, 0.011471640315406761, 0.002135549866275871]","[0.7175572519083969, 0.9923076923076923, 1.0, 1.0, 1.0]","[0.09923664122137404, 0.3923076923076923, 0.7441860465116279, 0.9375, 0.9921259842519685]",2.0,3,3.4928792569659444,10,11.2,16,62.423058823529445,12.154457516339871,0.28076705429646603,0.12016721840251252,0.08179243414537532,0.023376623376623377,0.027840024898848428,0.1637931132048779,0.14472710296239708,0.12940507224111847,0.00222966737810798,0.25
72af701a2ce9,"['gpt-4', 'stamp-letter-send']","['model', 'id']",809,143,95,62,5,0.6643356643356644,4.538461538461538,161.0,28.6,23.4,0,0,0,9,2,0,11,0.21381682901392532,0.007241535728627985,"[0.0016006467017260217, 0.003293945662903086, 0.007034655897233455, 0.0025538231953934065]","[0.6643356643356644, 0.9647887323943662, 1.0, 1.0, 1.0]","[0.09090909090909091, 0.2887323943661972, 0.574468085106383, 0.8071428571428572, 0.9280575539568345]",2.8,5,3.8697224238379637,10,10.8,12,77.20857668711658,10.58903067484663,0.2917546799550195,0.1147845787489251,0.07330992437104492,0.007142857142857143,0.08833777993370523,0.17112998772591304,0.18216692758288683,0.1429673686172023,0.0038759549921313363,0.3333333333333333
2109825717fa,"['gpt-4', 'stamp-letter-send']","['model', 'id']",789,137,88,61,5,0.6423357664233577,4.642335766423358,157.0,27.4,23.8,0,0,0,3,0,0,3,0.21017943096291172,0.012309611120460223,"[0.011503496434953492, 0.005369498874201933, 0.005628419007981222, 0.002117807923783799]","[0.6423357664233577, 0.9485294117647058, 0.9925925925925926, 1.0, 1.0]","[0.08759124087591241, 0.3382352941176471, 0.6074074074074074, 0.8059701492537313, 0.924812030075188]",3.2,6,3.7347054784315623,13,11.8,16,74.29776923076923,10.64723076923077,0.22726689976689976,0.15329953379953382,0.09101282051282052,0.01346153846153846,0.03971794871794872,0.1844055944055944,0.1344055944055944,0.1074343179211472,0.011150751094158529,0.25
cad9648135ca,"['gpt-4', 'stamp-letter-send']","['model', 'id']",652,114,79,50,5,0.6929824561403509,4.543859649122807,129.6,22.8,21.0,1,0,2,5,2,1,7,0.20765858489639905,0.002011620602407657,"[0.0012155327346775047, 0.0010129457587128576, 0.001035670258782151, 0.0007590924526428011]","[0.6929824561403509, 0.9646017699115044, 0.9910714285714286, 1.0, 1.0]","[0.11403508771929824, 0.4690265486725664, 0.8125, 0.972972972972973, 1.0]",3.2,4,3.8428404928404927,12,9.6,12,83.4299411764706,8.379764705882355,0.22363025210084034,0.15800840336134453,0.09629411764705882,0.03061904761904762,0.08980952380952381,0.11505042016806723,0.13138375350140055,0.113041670033426,0.016192443227183884,0.2
ec4945381364,"['gpt-4', 'stamp-letter-send']","['model', 'id']",647,121,82,50,5,0.6776859504132231,4.206611570247934,128.6,24.2,22.2,2,0,0,14,0,2,14,0.20747645572740203,0.004442760049932909,"[7.094732134335646e-05, 0.0003639499091694365, 0.006304777330822409, 0.0021458455385306163]","[0.6776859504132231, 0.9666666666666667, 0.9915966386554622, 1.0, 1.0]","[0.10743801652892562, 0.375, 0.6638655462184874, 0.8389830508474576, 0.9230769230769231]",4.4,8,3.1629318394024275,9,10.2,14,83.06260431654675,8.580057553956838,0.23502153110047846,0.15049236728184096,0.09807142857142857,0.031764069264069265,0.14528890407837777,0.12394873547505127,0.10430587833219412,0.13267491803024756,0.01655670156517791,0.5
ab3b8e72613f,"['gpt-4', 'stamp-letter-send']","['model', 'id']",793,136,84,55,5,0.6176470588235294,4.713235294117647,157.8,27.2,23.6,0,0,0,1,2,0,3,0.21133193945643877,0.009669581318632034,"[0.01015460662769549, 0.0018985559542973873, 0.006585836907227832, 0.000700163148043359]","[0.6176470588235294, 0.8962962962962963, 0.9701492537313433, 1.0, 1.0]","[0.08823529411764706, 0.34074074074074073, 0.6268656716417911, 0.8571428571428571, 0.9696969696969697]",4.0,6,3.5860124986910407,12,10.4,15,72.67084615384617,10.874153846153845,0.24645642990470576,0.0932964927792514,0.05388888888888889,0.04468857451616072,0.028662933490519696,0.17654828568621672,0.12340013753806857,0.1175858017170068,0.00884573410710443,0.25
1524d60def35,"['gpt-4', 'stamp-letter-send']","['model', 'id']",568,106,78,46,5,0.7358490566037735,4.2075471698113205,112.8,21.2,19.2,2,0,0,5,1,2,6,0.20330663907931046,0.01244809594419266,"[0.012531465954250753, 0.007270467762995253, 0.001102747274683652, 0.003991510896455663]","[0.7358490566037735, 0.9904761904761905, 1.0, 1.0, 1.0]","[0.12264150943396226, 0.4857142857142857, 0.7980769230769231, 0.941747572815534, 1.0]",2.6,4,2.8945313601127554,7,9.0,12,81.97040000000003,8.0368,0.22492653545285124,0.17052129157392315,0.09549281128228497,0.0479444532076111,0.0985710196236512,0.11854811854811854,0.11777462303778093,0.126210761792732,0.024896334861361058,0.5
ce1e574bf653,"['gpt-4', 'stamp-letter-send']","['model', 'id']",569,103,77,41,5,0.7475728155339806,4.41747572815534,113.0,20.6,19.0,0,0,0,5,4,0,9,0.20728455440300267,0.0059460922108068165,"[0.0003942791861717143, 0.0018877900309032802, 0.005697777867317205, 0.003912337337221433]","[0.7475728155339806, 0.9901960784313726, 1.0, 1.0, 1.0]","[0.1262135922330097, 0.46078431372549017, 0.7722772277227723, 0.93, 0.98989898989899]",3.6,8,3.1763399209486165,10,9.8,14,83.22506779661018,7.513999999999999,0.2388556712023162,0.181539578258409,0.05628019323671497,0.024014336917562724,0.11273098595014885,0.11819221967963386,0.08795346243120658,0.11578905401807843,0.016940504213976637,0.2
ad6df57d4806,"['gpt-4', 'stamp-letter-send']","['model', 'id']",646,108,72,45,5,0.6666666666666666,4.861111111111111,128.4,21.6,18.8,0,0,0,2,2,0,4,0.2081156808920581,0.009310980809887417,"[0.002668662244876857, 0.0005977611539213223, 0.008181607142671354, 0.007173931078305301]","[0.6666666666666666, 0.9532710280373832, 1.0, 1.0, 1.0]","[0.12037037037037036, 0.4205607476635514, 0.7264150943396226, 0.8952380952380953, 0.9807692307692307]",3.0,5,3.0827494982667396,8,11.6,22,74.58539344262297,8.917803278688528,0.2799346405228758,0.16323062558356677,0.06700280112044818,0.01984126984126984,0.055098039215686276,0.1495611577964519,0.10464052287581699,0.10915920951149681,0.015278251235865792,0.25
6ebf35cdc4e4,"['gpt-4', 'stamp-letter-send']","['model', 'id']",549,99,60,38,5,0.6060606060606061,4.393939393939394,109.0,19.8,17.6,0,0,0,3,1,0,4,0.20761109424349594,0.006074210459535781,"[0.0025228945895878763, 0.0005477463055138798, 0.005715013302937916, 0.00336276672103189]","[0.6060606060606061, 0.9285714285714286, 0.979381443298969, 0.9895833333333334, 1.0]","[0.12121212121212122, 0.42857142857142855, 0.7319587628865979, 0.8854166666666666, 0.9473684210526315]",2.4,3,3.3250034176349965,10,8.6,11,85.64826086956523,7.026956521739134,0.25182957393483707,0.15167919799498747,0.0906766917293233,0.02957393483709273,0.060576441102756895,0.15120300751879698,0.12220551378446115,0.12687902017073197,0.01628742453299009,0.3333333333333333
4f4a6498c416,"['gpt-4', 'stamp-letter-send']","['model', 'id']",751,127,92,60,5,0.7244094488188977,4.811023622047244,149.4,25.4,22.0,0,0,0,5,0,0,5,0.21339188598643588,0.006521408466631143,"[0.002200859905493374, 0.002875255074417382, 0.001017446812006606, 0.006949255141344923]","[0.7244094488188977, 0.9841269841269841, 1.0, 1.0, 1.0]","[0.10236220472440945, 0.38095238095238093, 0.712, 0.9112903225806451, 0.991869918699187]",3.4,5,3.350255228181058,11,10.0,12,73.028,10.228111111111115,0.30098343685300205,0.11573498964803312,0.05809523809523809,0.005714285714285714,0.06097308488612836,0.1446583850931677,0.1643064182194617,0.1283221064191876,0.004725841047110213,0.25
9ff3b9cddec5,"['gpt-4', 'stamp-letter-send']","['model', 'id']",596,101,69,43,5,0.6831683168316832,4.782178217821782,118.4,20.2,18.2,0,0,0,2,2,0,4,0.21336895795095534,0.01739903929720764,"[0.007875839507941046, 0.012027325538488537, 0.0061467547655661425, 0.008748158782419552]","[0.6831683168316832, 0.97, 1.0, 1.0, 1.0]","[0.1188118811881188, 0.4, 0.6868686868686869, 0.8367346938775511, 0.8969072164948454]",2.4,4,3.0429481832438023,8,8.6,12,73.1421739130435,8.771304347826089,0.2299043062200957,0.13696172248803828,0.0986244019138756,0.019617224880382776,0.048863636363636366,0.18301435406698566,0.109688995215311,0.10892890980749419,0.004771697118071294,0.3333333333333333
f291561d3ede,"['gpt-4', 'stamp-letter-send']","['model', 'id']",614,99,73,45,5,0.7373737373737373,5.070707070707071,122.0,19.8,18.2,0,0,0,5,1,0,6,0.21260355211267568,0.013095062323065926,"[0.0014591635692687288, 0.003922391931215907, 0.00920006488308761, 0.011608504262559605]","[0.7373737373737373, 0.9897959183673469, 1.0, 1.0, 1.0]","[0.13131313131313133, 0.41836734693877553, 0.7422680412371134, 0.875, 0.9473684210526315]",2.6,5,3.2086128296286662,10,9.0,11,68.6004247787611,9.30541592920354,0.2764411027568922,0.1298329156223893,0.0878780284043442,0.017142857142857144,0.058721804511278196,0.15295739348370926,0.12327485380116959,0.1207389614798806,0.0063025087946306235,0.3333333333333333
5b903a2d4394,"['gpt-4', 'stamp-letter-send']","['model', 'id']",655,115,78,47,5,0.6782608695652174,4.495652173913044,130.2,23.0,20.4,0,0,0,4,1,0,5,0.2114095318438718,0.011757570877960699,"[0.011581265773528665, 0.0053150068907748815, 0.002168103253646886, 0.004450765837970966]","[0.6782608695652174, 0.9385964912280702, 0.9911504424778761, 1.0, 1.0]","[0.11304347826086956, 0.3508771929824561, 0.5752212389380531, 0.7410714285714286, 0.8648648648648649]",2.8,6,3.314553109069633,8,9.4,11,82.45397122302158,8.66494964028777,0.26468220138296866,0.152957753149569,0.05537321208676707,0.02572463768115942,0.05157952069716776,0.20998152884342142,0.15006867481292033,0.13261128375024506,0.008690549332238395,0.25
573bea1f7980,"['gpt-4', 'stamp-letter-send']","['model', 'id']",740,123,92,53,5,0.7479674796747967,4.772357723577236,147.2,24.6,23.4,2,1,0,4,0,3,4,0.20590438859210133,0.020271852906445814,"[0.00733433907682246, 0.016249851506165758, 0.016346829701093274, 0.0006126855288101363]","[0.7479674796747967, 0.9672131147540983, 1.0, 1.0, 1.0]","[0.0975609756097561, 0.4180327868852459, 0.7272727272727273, 0.925, 0.9831932773109243]",4.8,8,2.940379352765434,7,9.2,11,74.94161290322583,10.507741935483871,0.20533904856155497,0.19848276190987188,0.09064200931208603,0.05542539302130095,0.09763938817647258,0.10681972190923597,0.06434738889981857,0.10559919928059433,0.019700835835779307,0.3333333333333333
bbd46ab9de0a,"['gpt-4', 'stamp-letter-send']","['model', 'id']",642,117,77,48,5,0.6581196581196581,4.333333333333333,127.6,23.4,21.6,0,0,0,8,0,0,8,0.2077901687288115,0.00878038772127844,"[0.005266111788123529, 0.003778776857588012, 0.0033906350533167706, 0.005125251743528569]","[0.6581196581196581, 0.9568965517241379, 0.9826086956521739, 0.9912280701754386, 1.0]","[0.10256410256410256, 0.41379310344827586, 0.7652173913043478, 0.9385964912280702, 0.9823008849557522]",4.0,9,3.418390689609177,9,12.0,21,83.18621739130435,8.51313043478261,0.24678210678210677,0.11398268398268398,0.13268398268398268,0.0,0.09683982683982684,0.1372871572871573,0.10617604617604617,0.12495550964817856,0.015929275562358958,0.25
7b3c7f9b9352,"['gpt-4', 'gloom-payment-exist']","['model', 'id']",500,90,58,37,5,0.6444444444444445,4.411111111111111,99.2,18.0,15.8,0,0,0,3,0,0,3,0.21202812001511856,0.03530269591581253,"[0.0035765696139562764, 0.012797630258968878, 0.03327536313306717, 0.02095582882563274]","[0.6444444444444445, 0.9662921348314607, 1.0, 1.0, 1.0]","[0.14444444444444443, 0.42696629213483145, 0.6931818181818182, 0.8620689655172413, 0.9767441860465116]",1.6,5,2.999047619047619,8,8.4,11,86.41714285714286,6.4228571428571435,0.25858646616541353,0.10933834586466165,0.11112406015037593,0.0125,0.05502631578947369,0.17317669172932332,0.1491766917293233,0.14291538975455545,0.007249494611444196,0.3333333333333333
860d7ca78978,"['gpt-4', 'gloom-payment-exist']","['model', 'id']",814,143,96,68,5,0.6713286713286714,4.559440559440559,162.0,28.6,25.4,0,0,0,6,0,0,6,0.21602477432867223,0.0067301816337711345,"[0.0037979585128826154, 0.005042788419094724, 0.004063079099515421, 0.0005565372360495091]","[0.6713286713286714, 0.9859154929577465, 1.0, 1.0, 1.0]","[0.08391608391608392, 0.33098591549295775, 0.574468085106383, 0.8071428571428572, 0.935251798561151]",4.0,6,3.1687567643544874,10,11.2,16,68.385263803681,11.819705521472393,0.2866813186813187,0.1351941391941392,0.08212454212454212,0.016,0.03797802197802198,0.18855677655677655,0.10967032967032968,0.10929904742674394,0.0007438140156631468,0.25
cb1cddaa6a22,"['gpt-4', 'gloom-payment-exist']","['model', 'id']",744,123,91,64,5,0.7398373983739838,4.91869918699187,148.0,24.6,22.4,0,0,0,6,0,0,6,0.21157788579899167,0.007900103470146205,"[0.004037182846348797, 0.001979574595853739, 0.0014264203491426986, 0.008357029148947176]","[0.7398373983739838, 0.9836065573770492, 1.0, 1.0, 1.0]","[0.0975609756097561, 0.3360655737704918, 0.6363636363636364, 0.8583333333333333, 0.9663865546218487]",3.0,4,3.3476489024759704,8,8.8,10,71.96111267605635,10.277549295774651,0.2786473429951691,0.1567296986427421,0.10488336783988958,0.01610305958132045,0.06444168391994479,0.1567296986427421,0.15332505175983435,0.14013116106842505,0.008149963043697972,0.25
c71b19c25fb4,"['gpt-4', 'gloom-payment-exist']","['model', 'id']",1235,199,134,97,5,0.6733668341708543,5.135678391959799,246.2,39.8,34.8,0,0,0,2,6,0,8,0.2165847399569664,0.004062966863108836,"[0.0010304687988190453, 0.0018357615745984712, 0.00029828753296312627, 0.004961415819837028]","[0.6733668341708543, 0.9595959595959596, 1.0, 1.0, 1.0]","[0.06030150753768844, 0.29292929292929293, 0.6192893401015228, 0.8214285714285714, 0.9435897435897436]",5.0,9,4.416842114870181,15,12.0,17,43.01087671232878,18.141315068493153,0.27947336576453236,0.13953571777195933,0.12385177945301903,0.03777052599582604,0.03863769193985442,0.15268813616984822,0.13545805258763816,0.1648438572883606,0.0018637452722514714,1.0
c56e3f148f82,"['gpt-4', 'gloom-payment-exist']","['model', 'id']",417,80,53,33,5,0.6625,4.1375,82.6,16.0,14.6,0,0,0,2,0,0,2,0.21385277954466414,0.013120173272632416,"[0.004664454526371431, 0.014246823059188007, 0.0018747046826377567, 0.005454364277067636]","[0.6625, 0.9873417721518988, 1.0, 1.0, 1.0]","[0.15, 0.4430379746835443, 0.7307692307692307, 0.9090909090909091, 0.9868421052631579]",1.4,3,2.920895176252319,9,9.6,13,89.95054545454546,5.085363636363638,0.2592982456140351,0.15157894736842104,0.04608187134502924,0.01111111111111111,0.04608187134502924,0.20269005847953217,0.14327485380116958,0.13173829967325384,0.0036001755523530354,0.2
d297d6356f77,"['gpt-4', 'gloom-payment-exist']","['model', 'id']",729,131,87,61,5,0.6641221374045801,4.427480916030534,145.0,26.2,22.2,0,0,0,7,0,0,7,0.2148273023099847,0.009619813861988527,"[0.003029842407275468, 0.0014161758945178682, 0.0018068447319510572, 0.01298676469023266]","[0.6641221374045801, 0.9692307692307692, 1.0, 1.0, 1.0]","[0.08396946564885496, 0.3153846153846154, 0.6046511627906976, 0.796875, 0.9291338582677166]",4.2,7,3.0216815143108424,8,8.8,13,73.73700000000002,10.427333333333333,0.29807168458781363,0.13818817204301076,0.07516756272401434,0.026951612903225806,0.05853494623655914,0.16729301075268818,0.15457706093189963,0.11848352533398253,0.0016511300217119107,0.2
3f03f721a61e,"['gpt-4', 'gloom-payment-exist']","['model', 'id']",635,104,80,54,5,0.7692307692307693,4.990384615384615,126.2,20.8,19.0,0,0,0,1,1,0,2,0.2133876615516961,0.003682514016215055,"[0.00604955468858992, 0.0004314712115696395, 0.0007503382015577875, 0.00013366393071276295]","[0.7692307692307693, 1.0, 1.0, 1.0, 1.0]","[0.11538461538461539, 0.3883495145631068, 0.6764705882352942, 0.8613861386138614, 0.93]",2.4,7,3.3172754296487064,9,8.4,11,72.48472268907564,9.061747899159666,0.28040244651649826,0.14100893081418397,0.11015697774711057,0.018216318785578747,0.049760765550239235,0.16640385680433617,0.13625511078022812,0.12565116268215756,0.004530411538289092,0.2
4c44653fbf04,"['gpt-4', 'gloom-payment-exist']","['model', 'id']",712,121,81,50,5,0.6694214876033058,4.7190082644628095,141.6,24.2,22.2,0,0,0,5,1,0,6,0.21410401388090483,0.012249190996695955,"[0.0031097343751600726, 0.01203724037517201, 0.008736009910853215, 0.0006153973322066131]","[0.6694214876033058, 0.9916666666666667, 1.0, 1.0, 1.0]","[0.09917355371900827, 0.38333333333333336, 0.680672268907563, 0.864406779661017, 0.9658119658119658]",2.6,4,3.241838179276329,12,9.4,14,76.04935664335667,9.757006993006993,0.2516450216450216,0.12441558441558441,0.06774891774891775,0.05103896103896104,0.06666666666666667,0.13536796536796536,0.16683982683982684,0.12199547615918246,0.0030977068798716534,0.2
9b53d13cbdc3,"['gpt-4', 'gloom-payment-exist']","['model', 'id']",831,136,96,68,5,0.7058823529411765,4.963235294117647,165.6,27.2,23.8,0,0,0,6,0,0,6,0.2122414021820641,0.010894959521936726,"[0.0020420293569008985, 0.009830310489192168, 0.006781375588792743, 0.003136203608987642]","[0.7058823529411765, 0.9703703703703703, 1.0, 1.0, 1.0]","[0.09558823529411764, 0.362962962962963, 0.6492537313432836, 0.7969924812030075, 0.9015151515151515]",2.4,6,3.3406127248690254,10,11.0,15,69.50455555555558,11.613901234567901,0.2567193675889328,0.12017629713281887,0.10522993914298262,0.031870255348516216,0.06993098688750862,0.15055461446765794,0.14146370537674885,0.1530623815276406,0.0068229302775530964,0.25
b4cc048eeaa0,"['gpt-4', 'gloom-payment-exist']","['model', 'id']",755,130,89,58,5,0.6846153846153846,4.676923076923077,150.2,26.0,23.2,0,0,0,8,2,0,10,0.21240032606246034,0.007487869972274408,"[0.003946596384048456, 0.007952190580822166, 0.002408047255142265, 0.0006689057245359287]","[0.6846153846153846, 0.9844961240310077, 1.0, 1.0, 1.0]","[0.09230769230769231, 0.3643410852713178, 0.65625, 0.8582677165354331, 0.9682539682539683]",3.4,6,3.133862673926195,11,9.8,15,65.30209395973156,11.554147651006712,0.25519161298471643,0.13485360616395098,0.08670152835670077,0.054628268283440695,0.09942503473537956,0.14174460022735885,0.11587924718959201,0.11988719304402669,0.00650508251676063,0.25
94772732c2c9,"['gpt-4', 'gloom-payment-exist']","['model', 'id']",505,93,63,39,5,0.6774193548387096,4.258064516129032,100.2,18.6,17.4,0,0,0,7,0,0,7,0.211766982046377,0.01565837438875463,"[0.0006091436223378266, 0.011926028571087571, 0.010913732196345477, 0.007867844387738382]","[0.6774193548387096, 0.9782608695652174, 1.0, 1.0, 1.0]","[0.12903225806451613, 0.4673913043478261, 0.7692307692307693, 0.9111111111111111, 0.9887640449438202]",2.4,3,3.120160866749102,9,8.8,10,93.45614285714288,5.788857142857143,0.26763538748832866,0.12948179271708682,0.10269607843137254,0.034640522875816995,0.08234126984126984,0.13013538748832867,0.14991830065359477,0.1336483106468663,0.007771770548927304,0.5
6d44623915b5,"['gpt-4', 'gloom-payment-exist']","['model', 'id']",623,109,72,42,5,0.6605504587155964,4.614678899082569,123.8,21.8,21.2,0,0,0,4,2,0,6,0.20988797892261465,0.02405763947483383,"[0.01584031490179208, 0.014790423623808141, 0.008361291645210739, 0.009123248778856702]","[0.6605504587155964, 0.9351851851851852, 0.9532710280373832, 0.9716981132075472, 0.9809523809523809]","[0.11009174311926606, 0.42592592592592593, 0.7289719626168224, 0.8867924528301887, 0.9714285714285714]",2.6,5,3.144823553135713,10,9.4,13,86.03120000000003,7.4704000000000015,0.28036223036223035,0.08205128205128205,0.06457061457061457,0.049643874643874646,0.09089336589336589,0.1285002035002035,0.14424094424094425,0.12318495006272287,0.011529776796452007,0.25
25012aa112fb,"['gpt-4', 'gloom-payment-exist']","['model', 'id']",628,107,77,44,5,0.719626168224299,4.738317757009346,124.8,21.4,19.8,0,0,0,1,2,0,3,0.21679499915487924,0.015242988145739114,"[0.008513097961743682, 0.007551494180554091, 0.0070599869474188, 0.007361397201761655]","[0.719626168224299, 0.9811320754716981, 1.0, 1.0, 1.0]","[0.11214953271028037, 0.4056603773584906, 0.6857142857142857, 0.8942307692307693, 0.9805825242718447]",3.6,6,3.0258317292463635,9,9.6,12,74.54848387096776,9.022322580645163,0.2851642475171887,0.11043544690603514,0.05799847211611918,0.028907563025210085,0.04799847211611918,0.15113827349121467,0.12137509549274256,0.1304522120591366,0.0022842636680771577,1.0
a7c413ad3f03,"['gpt-4', 'gloom-payment-exist']","['model', 'id']",807,136,95,65,5,0.6985294117647058,4.8161764705882355,160.6,27.2,24.2,0,0,0,2,0,0,2,0.21143554067955567,0.011121183970934687,"[0.006712644389181427, 0.0030441323777178897, 0.005120910895176439, 0.007364680279793617]","[0.6985294117647058, 0.9629629629629629, 1.0, 1.0, 1.0]","[0.08823529411764706, 0.3333333333333333, 0.6119402985074627, 0.849624060150376, 0.9696969696969697]",3.0,8,3.476195943290323,8,9.4,12,66.2522207792208,11.670051948051949,0.2747331430809692,0.12906183201835375,0.12197437188741536,0.03829153376979464,0.061076604554865424,0.1671628895976722,0.1331198030328465,0.12526192990216342,0.008434653282569982,0.2
303d179eb88c,"['gpt-4', 'gloom-payment-exist']","['model', 'id']",589,98,75,48,5,0.7653061224489796,4.857142857142857,117.0,19.6,18.8,0,0,0,5,0,0,5,0.21005699207596745,0.007609646519025168,"[0.004875244761442216, 0.004633202632784328, 0.004681312134771659, 0.001029533509052133]","[0.7653061224489796, 0.9896907216494846, 1.0, 1.0, 1.0]","[0.12244897959183673, 0.4329896907216495, 0.7291666666666666, 0.9157894736842105, 0.9787234042553191]",3.8,9,3.1525559340145595,8,9.0,10,78.31405263157896,8.00024561403509,0.25646464646464645,0.15398989898989898,0.09247474747474747,0.01818181818181818,0.06429292929292929,0.11926767676767676,0.12378787878787878,0.11542778484749072,0.01119175048974641,0.2
9b90fcbe4023,"['gpt-4', 'gloom-payment-exist']","['model', 'id']",571,103,74,48,5,0.7184466019417476,4.427184466019417,113.4,20.6,19.2,0,0,0,3,1,0,4,0.21297141148688944,0.011773189390548569,"[0.010153085053569155, 0.010678410168850072, 6.867093269269375e-05, 0.002646212625985217]","[0.7184466019417476, 0.9901960784313726, 1.0, 1.0, 1.0]","[0.11650485436893204, 0.4215686274509804, 0.7326732673267327, 0.93, 1.0]",2.6,5,3.070215391016306,11,8.8,11,83.77500000000002,7.536666666666665,0.3100614844093105,0.10930171277997365,0.09981554677206851,0.0,0.03778656126482213,0.16427755819060166,0.11092665788317962,0.11616101590069858,0.005362911667902426,0.3333333333333333
8be06fc638f7,"['gpt-4', 'gloom-payment-exist']","['model', 'id']",724,127,90,60,5,0.7086614173228346,4.559055118110236,144.0,25.4,22.6,0,0,0,3,0,0,3,0.21438184040414413,0.006324579791417179,"[0.005638375547197122, 0.005487435772305427, 0.0011802583011668588, 0.0003430899621649497]","[0.7086614173228346, 0.9682539682539683, 0.992, 1.0, 1.0]","[0.09448818897637795, 0.36507936507936506, 0.648, 0.8548387096774194, 0.959349593495935]",4.0,7,3.3184133805925877,10,10.0,13,76.75721621621622,9.906702702702706,0.30930555555555556,0.12147222222222222,0.07497222222222222,0.05236111111111111,0.04761111111111111,0.13844444444444445,0.13872222222222222,0.11827422813935713,0.0025420538333930653,0.2
738fa2068ada,"['gpt-4', 'gloom-payment-exist']","['model', 'id']",747,130,90,64,5,0.6923076923076923,4.653846153846154,148.6,26.0,22.4,0,0,0,7,1,0,8,0.2140932289499139,0.02434268222985632,"[0.014366173744201655, 0.010419935976120231, 0.004195590989262449, 0.019703663750128303]","[0.6923076923076923, 0.9534883720930233, 0.9921875, 1.0, 1.0]","[0.09230769230769231, 0.37209302325581395, 0.640625, 0.8818897637795275, 0.9841269841269841]",2.8,7,3.2410142187561544,9,10.0,11,74.63398630136987,10.103479452054795,0.2528450414991016,0.1236097606509175,0.08730990922314616,0.007692307692307693,0.07625022363620806,0.11312258375662157,0.15987927534089938,0.11852564053101973,0.003119276741853527,0.5
9f48f6fed678,"['gpt-4', 'gloom-payment-exist']","['model', 'id']",891,154,101,72,5,0.6558441558441559,4.701298701298701,177.4,30.8,25.6,0,0,0,3,0,0,3,0.21560362564379434,0.013419916274166901,"[0.011129766744391922, 0.009667005316883887, 0.004878468039322986, 0.0011645924477350078]","[0.6558441558441559, 0.9411764705882353, 0.993421052631579, 1.0, 1.0]","[0.07792207792207792, 0.3202614379084967, 0.5986842105263158, 0.7814569536423841, 0.9066666666666666]",5.0,11,3.8574504617722702,11,11.0,13,63.64316763005782,12.977988439306362,0.28534798534798533,0.11231643356643356,0.09734099234099235,0.02661005661005661,0.018917748917748917,0.18374292374292375,0.14320429570429571,0.12282107634977861,9.848335409262665e-05,0.5
98eada92d1c2,"['gpt-4', 'gloom-payment-exist']","['model', 'id']",844,141,93,70,5,0.6595744680851063,4.886524822695035,168.0,28.2,24.4,0,0,0,3,0,0,3,0.21190911134084064,0.010580557051454456,"[0.0017003737963162957, 0.002670121995302338, 0.0023427143108610826, 0.014447904000429196]","[0.6595744680851063, 0.9785714285714285, 0.9928057553956835, 1.0, 1.0]","[0.09219858156028368, 0.3, 0.5755395683453237, 0.8333333333333334, 0.9635036496350365]",4.2,8,3.817115941913743,11,11.4,14,61.80476433121021,12.43943949044586,0.2532539712548418,0.1455992121241432,0.10269760134595458,0.021598877980364656,0.05075026123301985,0.16750273543580116,0.14776517899408068,0.13566906705047144,0.007487511960000026,0.25
8825128d1faa,"['gpt-4', 'gloom-payment-exist']","['model', 'id']",487,89,68,33,5,0.7640449438202247,4.314606741573034,96.6,17.8,17.0,1,0,0,2,1,1,3,0.21457373147661035,0.010975082124036459,"[0.0050657687206117075, 0.007254552983102347, 0.0009203874875628737, 0.00870945505679599]","[0.7640449438202247, 0.9772727272727273, 0.9885057471264368, 1.0, 1.0]","[0.1348314606741573, 0.5113636363636364, 0.8275862068965517, 0.9651162790697675, 1.0]",2.4,4,2.852981753403498,8,8.6,9,88.83428571428574,6.085714285714285,0.2643279340721796,0.14608979823813584,0.06694728616084114,0.04714052287581699,0.06683574879227053,0.13867433930093775,0.11655797101449275,0.1142951502944484,0.0021582716884606112,0.3333333333333333
ff3acde2e173,"['gpt-4', 'gloom-payment-exist']","['model', 'id']",700,120,82,55,5,0.6833333333333333,4.7,139.2,24.0,22.0,0,0,0,4,0,0,4,0.20660063140721432,0.016398385831049744,"[0.0075245452967239446, 0.0032854439951839065, 0.00660036784229856, 0.015386414527893078]","[0.6833333333333333, 0.9663865546218487, 0.9915254237288136, 1.0, 1.0]","[0.1, 0.31932773109243695, 0.6186440677966102, 0.8376068376068376, 0.9482758620689655]",2.6,3,3.5020971691513134,9,11.0,16,70.34078832116789,10.255124087591241,0.3130952380952381,0.15388888888888888,0.08103174603174602,0.026666666666666665,0.06317460317460317,0.16058201058201058,0.15082010582010583,0.10631581689372208,0.018104471827252666,0.3333333333333333
3627f8254445,"['gpt-4', 'gloom-payment-exist']","['model', 'id']",634,111,77,51,5,0.6936936936936937,4.558558558558558,126.0,22.2,20.8,0,0,0,7,0,0,7,0.21204173345191807,0.013396760550412251,"[0.0014627135161197347, 0.0048646397662885366, 0.008248478535449855, 0.012217689282966376]","[0.6936936936936937, 0.990909090909091, 1.0, 1.0, 1.0]","[0.11711711711711711, 0.4, 0.6972477064220184, 0.8796296296296297, 0.9532710280373832]",4.0,6,2.941322156317191,7,8.0,10,76.97269230769233,8.982307692307696,0.2825652841781874,0.15067076292882745,0.06417306707629288,0.039523809523809524,0.054854070660522274,0.12919610855094726,0.1446953405017921,0.12166378534201419,0.007222267737845178,0.2
a777e7a71451,"['gpt-4', 'gloom-payment-exist']","['model', 'id']",745,121,85,54,5,0.7024793388429752,5.016528925619835,148.2,24.2,22.6,0,3,0,3,7,3,10,0.20965403085151474,0.01053181040768672,"[0.003834479595675594, 0.000709645284546756, 0.005410462497460744, 0.011109033437690347]","[0.7024793388429752, 1.0, 1.0, 1.0, 1.0]","[0.09090909090909091, 0.36666666666666664, 0.6554621848739496, 0.847457627118644, 0.9401709401709402]",2.6,6,3.5243184593184593,11,10.4,14,61.78785714285718,11.59714285714286,0.24978354978354977,0.11484848484848484,0.1087012987012987,0.027705627705627706,0.12774891774891775,0.10437229437229437,0.18489177489177488,0.1389545671867602,0.011997672938651838,0.5
72d90c9d5ade,"['gpt-4', 'gloom-payment-exist']","['model', 'id']",568,100,74,48,5,0.74,4.55,112.8,20.0,18.0,0,0,0,6,1,0,7,0.21024211813160715,0.016497565440205864,"[0.004165056678983897, 0.007162468300925373, 0.009244565452848158, 0.012423040447654299]","[0.74, 0.98989898989899, 1.0, 1.0, 1.0]","[0.13, 0.46464646464646464, 0.8163265306122449, 0.9587628865979382, 1.0]",3.0,5,3.2514288306856702,10,9.0,11,78.31405263157896,8.00024561403509,0.21373551525873508,0.14220610349402918,0.12239186200796108,0.030285714285714284,0.10644139761167624,0.1178204334365325,0.11363467492260061,0.13000164248726584,0.01082149837846702,0.5
5d13a927335f,"['gpt-4', 'gloom-payment-exist']","['model', 'id']",548,92,63,44,5,0.6847826086956522,4.836956521739131,108.8,18.4,16.6,0,0,0,0,1,0,1,0.211970473255718,0.018788066651278884,"[0.008984724964414326, 0.010310654129300795, 0.011735130440105102, 0.006545623768737546]","[0.6847826086956522, 0.967032967032967, 1.0, 1.0, 1.0]","[0.13043478260869565, 0.4065934065934066, 0.6666666666666666, 0.8876404494382022, 0.9772727272727273]",2.0,3,2.8060201316298876,7,8.6,13,82.29433333333334,7.1469629629629665,0.3151604554865424,0.15299171842650103,0.11119565217391304,0.039285714285714285,0.014285714285714285,0.15763975155279503,0.0875103519668737,0.12880998308008368,0.0073647881302453255,0.5
eefc04d28abe,"['gpt-4', 'gloom-payment-exist']","['model', 'id']",843,134,99,69,5,0.7388059701492538,5.126865671641791,167.8,26.8,23.8,0,0,0,4,3,0,7,0.21493287533140548,0.005009521736179787,"[0.0016777072759235623, 0.0007855974094212459, 0.0018289393278463628, 0.005726799459168402]","[0.7388059701492538, 0.9849624060150376, 1.0, 1.0, 1.0]","[0.09701492537313433, 0.41353383458646614, 0.7045454545454546, 0.9007633587786259, 0.9769230769230769]",4.4,6,3.488723723723724,10,9.6,12,67.13694936708865,11.745392405063292,0.27510496671786994,0.13221198156682026,0.09941116231438812,0.006666666666666666,0.06253968253968253,0.13638504864311315,0.12024065540194573,0.11096135414007938,0.0014399839788703517,0.2
e43a849e3ee4,"['gpt-4', 'gloom-payment-exist']","['model', 'id']",630,117,84,54,5,0.717948717948718,4.282051282051282,125.2,23.4,22.0,0,0,0,9,1,0,10,0.2108976158289373,0.008709985388756059,"[0.005242093122579172, 0.00702395508385667, 0.00346647353485377, 0.0016874490362225048]","[0.717948717948718, 0.9827586206896551, 1.0, 1.0, 1.0]","[0.1111111111111111, 0.4224137931034483, 0.782608695652174, 0.9649122807017544, 0.9823008849557522]",3.0,5,3.037964201911071,9,9.8,15,88.5381832061069,7.418839694656487,0.241006993006993,0.1395719280719281,0.11516233766233766,0.014835164835164835,0.09997052947052947,0.103995004995005,0.12646003996003996,0.12052231665813562,0.009510502983806735,0.3333333333333333
9c5c62ee60dc,"['gpt-4', 'gloom-payment-exist']","['model', 'id']",530,100,77,38,5,0.77,4.13,105.2,20.0,18.6,2,1,2,2,1,3,3,0.20165145100434848,0.011390588164845589,"[0.008608529965082823, 0.006072809711679228, 0.0032250679545588468, 0.00487476869837028]","[0.77, 0.9797979797979798, 1.0, 1.0, 1.0]","[0.13, 0.47474747474747475, 0.7346938775510204, 0.9072164948453608, 1.0]",2.8,4,3.1859087720789847,10,9.2,12,93.26235593220339,6.114000000000001,0.19987412827970102,0.14904775307252086,0.0702465834818776,0.052822341057635176,0.08635269099665384,0.14856693873721738,0.09982956499984363,0.13424862695462775,0.028002832632984365,0.2
89bb542d4dc6,"['gpt-4', 'gloom-payment-exist']","['model', 'id']",570,97,69,38,5,0.711340206185567,4.721649484536083,113.2,19.4,18.4,2,2,0,0,0,4,0,0.21204321330166812,0.011670535712531113,"[0.0030995537837346376, 0.003957437475522352, 0.00601307253042857, 0.010271007635376667]","[0.711340206185567, 0.96875, 1.0, 1.0, 1.0]","[0.13402061855670103, 0.4375, 0.7894736842105263, 0.9042553191489362, 0.967741935483871]",2.2,5,3.2405428435727655,9,9.2,16,76.0871504424779,8.261168141592922,0.2554385964912281,0.08660818713450293,0.12099415204678363,0.04555555555555556,0.04666666666666667,0.15157894736842106,0.13046783625730993,0.13158923387527466,0.007219308038345085,0.5
6014bb0224f3,"['gpt-4', 'gloom-payment-exist']","['model', 'id']",622,105,77,46,5,0.7333333333333333,4.809523809523809,123.6,21.0,19.0,0,0,0,4,0,0,4,0.21424617709744956,0.017386489895859142,"[0.007156436642011016, 0.016413475437597802, 0.0026619385589252698, 0.008541129153184196]","[0.7333333333333333, 0.9807692307692307, 1.0, 1.0, 1.0]","[0.12380952380952381, 0.4519230769230769, 0.7087378640776699, 0.8823529411764706, 0.9900990099009901]",2.2,5,3.066265206076378,9,8.8,11,68.30671074380169,9.743867768595042,0.22455516619603308,0.12283026570952267,0.12621372435613923,0.02481203007518797,0.05824175824175824,0.150163304188072,0.10896471949103528,0.11754356550447868,0.002813380446782199,0.25
88a660249df5,"['gpt-4', 'gloom-payment-exist']","['model', 'id']",712,125,91,52,5,0.728,4.584,141.6,25.0,23.0,0,0,0,8,1,0,9,0.2162681110484208,0.018039707220219955,"[0.00063763516289847, 0.011235485138831214, 0.017860962044109002, 0.006345332094601225]","[0.728, 0.9919354838709677, 1.0, 1.0, 1.0]","[0.104, 0.4274193548387097, 0.7479674796747967, 0.8934426229508197, 0.9669421487603306]",3.2,5,3.459502518600425,12,11.0,15,71.96111267605635,10.277549295774651,0.2308874458874459,0.11175324675324676,0.09199134199134198,0.04701298701298701,0.10186147186147186,0.13948051948051948,0.15766233766233767,0.11868380416523326,0.0012304874551603007,0.3333333333333333
5c2e7536daf9,"['gpt-4', 'gloom-payment-exist']","['model', 'id']",546,103,70,42,5,0.6796116504854369,4.194174757281553,108.4,20.6,18.2,0,0,0,3,1,0,4,0.21073523921833637,0.008748821024492967,"[0.009262489610248115, 0.005247560474607671, 0.0024392521425044555, 0.000548339821625693]","[0.6796116504854369, 0.9705882352941176, 0.9900990099009901, 1.0, 1.0]","[0.11650485436893204, 0.46078431372549017, 0.7722772277227723, 0.92, 0.9696969696969697]",3.0,7,3.042743702853703,10,8.8,11,88.96066101694916,6.714000000000002,0.2992804130735165,0.074891009373768,0.08222046153080635,0.03460217942976564,0.03197492163009404,0.1601716291371464,0.10816960816960818,0.13094984943216498,0.00983525620500858,0.5
50f929c49d66,"['gpt-4', 'gloom-payment-exist']","['model', 'id']",990,167,116,84,5,0.6946107784431138,4.802395209580839,197.4,33.4,27.6,0,0,0,3,0,0,3,0.21415345226288937,0.013362730626847827,"[0.0020768671017400986, 0.003915073005223063, 0.008247440321403648, 0.012486080825328844]","[0.6946107784431138, 0.9759036144578314, 1.0, 1.0, 1.0]","[0.07784431137724551, 0.25301204819277107, 0.49696969696969695, 0.7195121951219512, 0.8650306748466258]",4.2,6,4.12981049736968,12,14.0,18,61.227750000000015,14.258916666666668,0.3250412884606433,0.14214122794767955,0.04759875250197831,0.0331471395987525,0.028890285341898244,0.17421477447283898,0.1831859609924126,0.1297290650281039,0.002998830115902573,0.25
ee58b3f26d09,"['gpt-4', 'petrol-diesel-pump']","['model', 'id']",773,135,87,43,5,0.6444444444444445,4.592592592592593,153.8,27.0,24.8,0,0,0,2,5,0,7,0.20575499092357633,0.009356141185003608,"[0.002983784013324303, 0.0007859872447119887, 0.0030511670642428823, 0.011891344047728042]","[0.6444444444444445, 0.9402985074626866, 0.9699248120300752, 0.9848484848484849, 0.9923664122137404]","[0.0962962962962963, 0.4626865671641791, 0.7969924812030075, 0.9242424242424242, 0.9770992366412213]",6.8,11,2.931209098230375,8,10.4,14,79.30806451612904,9.898709677419358,0.1507327935222672,0.14529554655870447,0.08943724696356276,0.08591093117408907,0.07238461538461538,0.08312955465587045,0.09851417004048584,0.10908792777494951,0.02485150125692459,0.25
82a49e554ea9,"['gpt-4', 'petrol-diesel-pump']","['model', 'id']",718,119,75,50,5,0.6302521008403361,4.882352941176471,142.8,23.8,21.2,0,0,0,4,3,0,7,0.21421977714616425,0.011859567251516656,"[0.0012998091868865191, 0.00722153925951266, 0.004471406792149385, 0.010726379264484748]","[0.6302521008403361, 0.940677966101695, 1.0, 1.0, 1.0]","[0.10084033613445378, 0.3983050847457627, 0.7264957264957265, 0.9137931034482759, 0.991304347826087]",4.0,7,3.4470621311353282,12,9.0,13,73.93310791366906,9.853438848920867,0.26195454545454544,0.14020454545454547,0.12668181818181817,0.02225,0.06843181818181818,0.13986363636363636,0.10427272727272727,0.10651879238359856,0.007921928811748746,0.2
2540a2243422,"['gpt-4', 'petrol-diesel-pump']","['model', 'id']",611,98,64,41,5,0.6530612244897959,5.081632653061225,121.4,19.6,17.8,0,0,0,0,4,0,4,0.21359057455528074,0.005457432611243471,"[0.0018849296447558117, 0.004421222777593714, 0.0026965914191780516, 0.001912121380959364]","[0.6530612244897959, 0.9175257731958762, 0.96875, 0.9894736842105263, 1.0]","[0.12244897959183673, 0.4020618556701031, 0.6875, 0.8947368421052632, 1.0]",3.4,6,2.9445883806450674,8,7.0,10,77.537,8.208000000000002,0.27650079389209825,0.11583730279382454,0.10083443126921388,0.029292929292929294,0.05095773791425966,0.15422114117766292,0.12453295496773757,0.1231580376625061,0.009180333993515755,0.2
c3587368ee3a,"['gpt-4', 'petrol-diesel-pump']","['model', 'id']",1051,179,112,84,5,0.6256983240223464,4.731843575418995,209.4,35.8,29.4,0,0,0,4,1,0,5,0.21651059281395144,0.00985262202475573,"[0.008073282862141096, 0.008990478941158397, 0.0025104854069743776, 0.00013099683923759042]","[0.6256983240223464, 0.949438202247191, 1.0, 1.0, 1.0]","[0.0670391061452514, 0.2640449438202247, 0.5310734463276836, 0.7215909090909091, 0.8685714285714285]",5.2,9,3.7630253936356075,11,12.4,18,58.240300970873776,15.371203883495149,0.30041882061256875,0.1227072002164382,0.08240766217824613,0.022015355849942315,0.040005943898027044,0.16175734961028365,0.17214700254748191,0.11201302752350316,0.00334029747617437,0.2
73f02b0be4f0,"['gpt-4', 'petrol-diesel-pump']","['model', 'id']",588,104,76,46,5,0.7307692307692307,4.538461538461538,116.8,20.8,19.0,0,0,0,2,1,0,3,0.20936678642236092,0.011352604627609245,"[0.0030091518705541442, 0.002091179381717323, 0.00593467869541861, 0.011670199307528412]","[0.7307692307692307, 0.970873786407767, 0.9901960784313726, 1.0, 1.0]","[0.10576923076923077, 0.3786407766990291, 0.7352941176470589, 0.9108910891089109, 0.99]",3.0,4,2.8542344194333094,7,7.8,10,78.84000000000002,8.225000000000001,0.25665223665223663,0.15722943722943722,0.11024531024531024,0.04285714285714286,0.02761904761904762,0.16418470418470418,0.10135642135642135,0.10550430146130649,0.017627910259355395,0.2
322b3a89ad73,"['gpt-4', 'petrol-diesel-pump']","['model', 'id']",564,94,72,47,5,0.7659574468085106,4.872340425531915,112.0,18.8,17.4,0,0,0,2,5,0,7,0.21135720580292452,0.0030710693626176816,"[0.0012043681624648028, 0.0004627560124252639, 0.0030181010564168387, 0.0014569134939284578]","[0.7659574468085106, 0.989247311827957, 1.0, 1.0, 1.0]","[0.13829787234042554, 0.5913978494623656, 0.9021739130434783, 0.989010989010989, 1.0]",3.4,5,2.848142645024718,6,7.4,9,93.26100000000001,5.617333333333335,0.2109114414996768,0.159928894634777,0.1068519715578539,0.021764705882352943,0.08496444731738849,0.1071557853910795,0.08572074983839689,0.12759239204002149,0.013647071498228192,0.25
324771e6633e,"['gpt-4', 'petrol-diesel-pump']","['model', 'id']",933,156,107,75,5,0.6858974358974359,4.782051282051282,185.8,31.2,27.0,0,0,0,4,1,0,5,0.20870574160739108,0.0075786185500783115,"[0.005275331705044489, 0.0005435153936252102, 0.005199501369938714, 0.00413888863154821]","[0.6858974358974359, 0.9741935483870968, 1.0, 1.0, 1.0]","[0.07692307692307693, 0.3032258064516129, 0.5844155844155844, 0.8366013071895425, 0.9407894736842105]",4.4,6,3.507893153593059,9,11.2,13,67.51645026178012,13.33208376963351,0.315169779286927,0.1332450481041313,0.09462195812110923,0.026526315789473683,0.03857441992076967,0.14222297679683077,0.13029767968307865,0.12414330605304602,0.018949999889295077,0.2
f6d4a66413aa,"['gpt-4', 'petrol-diesel-pump']","['model', 'id']",716,118,88,58,5,0.7457627118644068,4.923728813559322,142.4,23.6,22.4,0,0,0,1,4,0,5,0.2129510917666459,0.02016187779078582,"[0.004475771576006787, 0.011656234003005833, 0.010352725004838192, 0.013839024997720828]","[0.7457627118644068, 0.9487179487179487, 0.9741379310344828, 0.9826086956521739, 0.9912280701754386]","[0.1016949152542373, 0.4188034188034188, 0.75, 0.8956521739130435, 0.956140350877193]",4.4,6,2.972255803592209,9,8.8,12,74.54174100719426,9.768546762589928,0.2826092705281346,0.18317121177973106,0.04460791826309068,0.07126917586958155,0.056425963488843815,0.11664818571106604,0.13164180001502518,0.13477617140972253,0.010459299570785452,1.0
95a61b1b305f,"['gpt-4', 'petrol-diesel-pump']","['model', 'id']",814,139,100,67,5,0.7194244604316546,4.748201438848921,162.0,27.8,25.2,0,0,0,5,1,0,6,0.21782604791308247,0.01823979923219393,"[0.00028371977986713093, 0.003691945473353081, 0.017175522943337768, 0.015328410267829884]","[0.7194244604316546, 0.9782608695652174, 1.0, 1.0, 1.0]","[0.08633093525179857, 0.37681159420289856, 0.6861313868613139, 0.8970588235294118, 0.9777777777777777]",4.2,7,3.7654113724005334,12,11.2,15,76.00750000000002,10.607500000000002,0.26467340559412167,0.10193507354632673,0.1070582822500981,0.029392819929904328,0.06001840349666436,0.14306485879375905,0.11981894206958145,0.14709178606669107,0.00070938727791231,0.2
f780f6dfb532,"['gpt-4', 'petrol-diesel-pump']","['model', 'id']",932,168,110,81,5,0.6547619047619048,4.4226190476190474,185.6,33.6,27.2,0,0,0,1,2,0,3,0.21697047847656556,0.009609245760871563,"[0.007192801299437973, 0.00670736793315771, 0.003303442801628892, 0.0020148794875185505]","[0.6547619047619048, 0.9461077844311377, 1.0, 1.0, 1.0]","[0.07738095238095238, 0.2634730538922156, 0.5120481927710844, 0.7515151515151515, 0.8841463414634146]",3.8,5,4.187409312263963,12,12.0,16,72.97413471502593,12.670217616580313,0.31635307781649247,0.13639953542392566,0.03760743321718931,0.03249709639953542,0.04213704994192799,0.19256678281068526,0.14318234610917538,0.1091217218023358,0.002420526150946123,0.2
92558cb42747,"['gpt-4', 'petrol-diesel-pump']","['model', 'id']",583,102,65,36,5,0.6372549019607843,4.568627450980392,115.8,20.4,18.4,0,0,0,0,5,0,5,0.21284710954106043,0.01733722653653884,"[0.011334790123833538, 0.014000993635919334, 0.0033817930354012316, 0.005956876277923573]","[0.6372549019607843, 0.9306930693069307, 0.98, 1.0, 1.0]","[0.12745098039215685, 0.45544554455445546, 0.73, 0.8484848484848485, 0.9285714285714286]",3.0,4,2.9502616510340838,8,9.0,11,88.12505882352941,6.88023529411765,0.2471345029239766,0.12565302144249513,0.06380116959064328,0.035925925925925924,0.09485380116959063,0.13052631578947368,0.10031189083820663,0.1058409394639911,0.01066726402195639,0.2
5603cc5dd314,"['gpt-4', 'petrol-diesel-pump']","['model', 'id']",761,125,94,66,5,0.752,4.984,151.4,25.0,22.4,0,0,0,0,7,0,7,0.21002048576350535,0.006817541107451003,"[0.0022149506019569776, 0.004209032285600073, 0.0030016373444746725, 0.004209461982870283]","[0.752, 0.967741935483871, 1.0, 1.0, 1.0]","[0.104, 0.3790322580645161, 0.6666666666666666, 0.8524590163934426, 0.9256198347107438]",3.2,4,3.0679721780859293,9,9.6,14,70.24785714285719,10.417142857142856,0.23875576036866358,0.1566390168970814,0.12966205837173578,0.03314285714285714,0.07240245775729647,0.13361597542242704,0.10297388632872503,0.12728001132155908,0.016320511577066543,0.2
6e750d4fd847,"['gpt-4', 'petrol-diesel-pump']","['model', 'id']",892,153,98,72,5,0.6405228758169934,4.738562091503268,177.6,30.6,27.6,0,0,0,2,3,0,5,0.21682084770363075,0.007685564772490078,"[0.004722461009140311, 0.007148516333960242, 0.001987693288870024, 0.001512458913009579]","[0.6405228758169934, 0.9868421052631579, 1.0, 1.0, 1.0]","[0.08496732026143791, 0.375, 0.6887417218543046, 0.9066666666666666, 0.9798657718120806]",3.4,5,3.5237785868970275,11,10.2,12,71.24028571428572,12.017714285714288,0.2825879467214284,0.08969190838823764,0.09122888679729614,0.019799777530589542,0.03739767833204986,0.13729648327201163,0.1430831978551667,0.11123554273085161,0.0027197876968157453,0.2
626cb179acfe,"['gpt-4', 'petrol-diesel-pump']","['model', 'id']",927,159,109,73,5,0.6855345911949685,4.6918238993710695,184.6,31.8,27.8,0,0,0,7,1,0,8,0.21818804677400053,0.007072693191347915,"[0.004965943964867797, 0.004727245583420692, 0.003169065430050799, 0.0012831314043565412]","[0.6855345911949685, 0.9556962025316456, 0.9936305732484076, 1.0, 1.0]","[0.07547169811320754, 0.379746835443038, 0.7006369426751592, 0.8974358974358975, 0.9741935483870968]",4.0,6,3.7017831854964207,12,11.4,16,66.95147826086958,13.06308695652174,0.23310740207291933,0.15032166963201446,0.08175435623711486,0.050058459713632125,0.06442316925075546,0.14552232483266966,0.13931542828094554,0.10074142615000407,1.461044392381261e-05,0.2
b0f11eab1d9d,"['gpt-4', 'petrol-diesel-pump']","['model', 'id']",929,158,102,73,5,0.6455696202531646,4.7974683544303796,185.0,31.6,26.4,0,0,0,2,0,0,2,0.21648879884494132,0.01617342482058684,"[0.003018929398193426, 0.004849037669953843, 0.013348650801312784, 0.011130231771713628]","[0.6455696202531646, 0.9681528662420382, 1.0, 1.0, 1.0]","[0.08227848101265822, 0.3248407643312102, 0.6217948717948718, 0.832258064516129, 0.935064935064935]",4.6,7,3.6394715931247563,11,10.6,17,64.9557142857143,12.894285714285715,0.26326152462880614,0.12077410026487813,0.09483244635610313,0.010711768851303736,0.03508359456635319,0.14932929940949188,0.15588503317051833,0.12771102876374216,0.0033838854141945984,0.2
5fc8584d5bd9,"['gpt-4', 'petrol-diesel-pump']","['model', 'id']",944,160,106,71,5,0.6625,4.775,188.2,32.0,28.2,0,0,0,5,0,0,5,0.2157256387369014,0.027714397706887814,"[0.02119005677245911, 0.022688589449767205, 0.0028829357344589135, 0.0086672134570904]","[0.6625, 0.9559748427672956, 1.0, 1.0, 1.0]","[0.0875, 0.34591194968553457, 0.6392405063291139, 0.8280254777070064, 0.9487179487179487]",5.4,9,4.037106665586542,13,12.8,19,66.59419672131149,13.063234972677598,0.2911458067475245,0.0999337897769936,0.08763422365739354,0.011714770797962648,0.058692070678488334,0.15152420372034872,0.14059374664787627,0.13600263089844675,0.0049102056302744446,0.2
04a1bcd39cb5,"['gpt-4', 'petrol-diesel-pump']","['model', 'id']",611,102,78,52,5,0.7647058823529411,4.813725490196078,121.4,20.4,19.8,0,0,0,5,4,0,9,0.20944224844151493,0.0056269516276211545,"[0.0009139175452883563, 0.004119525684250724, 0.0006538145053081035, 0.005566645520395125]","[0.7647058823529411, 0.9900990099009901, 1.0, 1.0, 1.0]","[0.12745098039215685, 0.44554455445544555, 0.73, 0.9191919191919192, 0.9897959183673469]",2.4,4,2.895252132167677,7,8.4,10,81.59100826446283,7.8909752066115715,0.2545840237775849,0.1092547805044846,0.15768622267813462,0.03681941923774955,0.09140370604171598,0.09057037270838265,0.12555912833057156,0.11628655231360233,0.017476986221047375,0.25
bcd8887c9d78,"['gpt-4', 'petrol-diesel-pump']","['model', 'id']",776,137,92,69,5,0.6715328467153284,4.510948905109489,154.4,27.4,23.6,0,0,0,2,0,0,2,0.21703425905995152,0.009777390207012904,"[0.0071927847545790735, 0.002914999462977186, 0.004139167921883707, 0.005307828274585841]","[0.6715328467153284, 0.9558823529411765, 0.9925925925925926, 1.0, 1.0]","[0.08029197080291971, 0.3088235294117647, 0.5703703703703704, 0.7761194029850746, 0.9172932330827067]",3.4,5,3.5212351451392947,10,10.0,13,78.38233333333336,10.375629629629628,0.2996698014629049,0.1401518634622083,0.08644723092998954,0.029543016370602578,0.031987460815047025,0.1568944618599791,0.1566443747823058,0.12896420377673526,0.002292964984174195,0.5
47ea20e9aecf,"['gpt-4', 'petrol-diesel-pump']","['model', 'id']",636,109,73,46,5,0.6697247706422018,4.678899082568807,126.4,21.8,20.4,0,0,0,5,2,0,7,0.21448080263276031,0.01766929560568263,"[0.009361195859018234, 0.0001639763127157523, 0.015372767592921388, 0.010440651446709887]","[0.6697247706422018, 0.9351851851851852, 0.9906542056074766, 1.0, 1.0]","[0.11009174311926606, 0.4444444444444444, 0.7476635514018691, 0.8867924528301887, 0.9619047619047619]",3.4,5,3.4594045320569142,12,7.4,8,80.46659842519685,8.345921259842523,0.21603004838298956,0.12014260249554368,0.11133180544945251,0.04704609116373822,0.0652279093455564,0.12994652406417112,0.13161446396740514,0.13221247087825427,0.007399877838556612,0.5
ba29136bae30,"['gpt-4', 'petrol-diesel-pump']","['model', 'id']",704,112,82,55,5,0.7321428571428571,5.142857142857143,140.0,22.4,19.8,0,0,0,4,4,0,8,0.21032965877642135,0.011669579198205354,"[0.0011783008838628928, 0.00979263253145285, 0.010893978439010937, 0.001474246542084029]","[0.7321428571428571, 0.990990990990991, 1.0, 1.0, 1.0]","[0.11607142857142858, 0.40540540540540543, 0.6636363636363637, 0.8715596330275229, 0.9814814814814815]",3.6,6,3.28255653723186,11,9.0,11,69.16346153846156,10.071538461538463,0.21099334012781315,0.1333643571845214,0.15101141600805082,0.009523809523809523,0.0940985455967284,0.10694716330468114,0.14662948932433384,0.11798872730948708,0.015702165551234548,0.25
737f4e129739,"['gpt-4', 'petrol-diesel-pump']","['model', 'id']",603,106,66,43,5,0.6226415094339622,4.613207547169812,119.8,21.2,18.6,0,0,0,3,0,0,3,0.21407423264956554,0.012450044032405391,"[0.004856323202451052, 0.0037655989329020145, 0.008202707767486578, 0.008075458161971139]","[0.6226415094339622, 0.9809523809523809, 1.0, 1.0, 1.0]","[0.12264150943396226, 0.49523809523809526, 0.8076923076923077, 0.9611650485436893, 0.9803921568627451]",3.4,7,3.0866300366300363,10,8.6,11,88.00500000000002,6.946666666666669,0.22025177887246852,0.12560207991242472,0.07862616310892173,0.043801313628899836,0.03467432950191571,0.12649151614668855,0.0952928297755884,0.12202321760582202,0.008213017804946154,0.5
e41940e8fd3e,"['gpt-4', 'petrol-diesel-pump']","['model', 'id']",675,120,76,46,5,0.6333333333333333,4.525,134.2,24.0,22.2,0,0,0,9,0,0,9,0.2166390241632139,0.011493393082123299,"[0.006895630700247651, 0.0030290702978769957, 0.00766602429476651, 0.00539606087135544]","[0.6333333333333333, 0.9663865546218487, 1.0, 1.0, 1.0]","[0.1, 0.4369747899159664, 0.7796610169491526, 0.9401709401709402, 0.9827586206896551]",2.8,5,3.252825546475874,10,10.8,19,84.01200000000003,8.54700709219858,0.23227249874308697,0.14678541502070913,0.08489932725226843,0.033650793650793646,0.09196413608178314,0.11456319279848692,0.11971414206708325,0.13410053289297855,0.003083434777649441,0.2
5a4436748fda,"['gpt-4', 'petrol-diesel-pump']","['model', 'id']",995,174,117,82,5,0.6724137931034483,4.597701149425287,198.2,34.8,30.0,0,0,0,7,1,0,8,0.21443484680941938,0.018479228339664297,"[0.015545074875070869, 0.010223566294559117, 0.009090179787887315, 0.0020996357218112938]","[0.6724137931034483, 0.976878612716763, 1.0, 1.0, 1.0]","[0.06896551724137931, 0.3063583815028902, 0.5755813953488372, 0.8070175438596491, 0.9294117647058824]",5.4,9,3.596646589700407,9,11.2,14,65.8046363636364,13.918646464646468,0.2989203778677463,0.12464237516869096,0.09011246063877643,0.020647773279352227,0.04505623031938821,0.14798920377867747,0.17038236617183986,0.12420737743377686,0.007491789485238487,0.2
5d78aee26db9,"['gpt-4', 'petrol-diesel-pump']","['model', 'id']",960,170,108,78,5,0.6352941176470588,4.529411764705882,191.2,34.0,27.8,0,0,0,7,0,0,7,0.21513322306362104,0.016545233717239483,"[0.010288243453740048, 0.0016223201898633577, 0.008216385811389448, 0.012963517979486111]","[0.6352941176470588, 0.9526627218934911, 1.0, 1.0, 1.0]","[0.07058823529411765, 0.28402366863905326, 0.5595238095238095, 0.7664670658682635, 0.8855421686746988]",4.6,7,3.9581573840844304,11,12.2,15,70.93190909090912,13.20349494949495,0.3013695213643866,0.11671520264074821,0.0897619658903356,0.005263157894736842,0.051599853291766,0.1671179167430772,0.14435099944984411,0.13631909363197559,0.006095036976835166,0.5
65d17a7ea040,"['gpt-4', 'petrol-diesel-pump']","['model', 'id']",781,127,87,55,5,0.6850393700787402,5.0078740157480315,155.4,25.4,22.2,0,0,0,2,5,0,7,0.21107278592658765,0.01159942837497982,"[0.004394414587917506, 0.00670219515706158, 0.011642647182548427, 0.0004595998224321274]","[0.6850393700787402, 0.9603174603174603, 0.992, 1.0, 1.0]","[0.10236220472440945, 0.4523809523809524, 0.784, 0.9112903225806451, 0.959349593495935]",5.2,8,3.126096428909728,10,9.2,16,70.41216107382553,10.841395973154366,0.20488178488178488,0.09881784881784882,0.13817515817515816,0.05209457209457209,0.062424242424242424,0.11851814851814851,0.04952380952380952,0.10634619720054395,0.014215911250901936,0.25
e2b4f97853a7,"['gpt-4', 'petrol-diesel-pump']","['model', 'id']",589,99,65,42,5,0.6565656565656566,4.747474747474747,117.0,19.8,17.6,0,0,0,0,1,0,1,0.21055147629858587,0.02375898662239613,"[0.01758882933192782, 0.007879632530790381, 0.010858785022388795, 0.011190726359685266]","[0.6565656565656566, 0.9285714285714286, 0.9896907216494846, 1.0, 1.0]","[0.13131313131313133, 0.5102040816326531, 0.7731958762886598, 0.8958333333333334, 0.9473684210526315]",2.2,3,3.118890861350102,8,9.4,12,84.98703278688528,7.466983606557378,0.21858823529411764,0.10752941176470587,0.13058823529411764,0.036000000000000004,0.04176470588235294,0.15458823529411764,0.08929411764705883,0.11770039074348682,0.01525853050690551,0.2
04e4955d1efc,"['gpt-4', 'petrol-diesel-pump']","['model', 'id']",957,160,100,73,5,0.625,4.85625,190.6,32.0,26.4,0,0,0,1,1,0,2,0.21935737321275192,0.01720541212047791,"[0.013230108981039018, 0.008813517389733821, 0.0037446322004779375, 0.00862256566970504]","[0.625, 0.9559748427672956, 1.0, 1.0, 1.0]","[0.08125, 0.3522012578616352, 0.6518987341772152, 0.8535031847133758, 0.9423076923076923]",4.2,7,3.572679925780142,11,10.6,13,65.76592307692309,13.129076923076926,0.2722957439632013,0.0951373492526244,0.07741496605348598,0.013097713097713098,0.019153225806451613,0.1596246306516705,0.14282216642273568,0.11972284317016602,0.002353263321426602,0.25
b9e1b1f0d102,"['gpt-4', 'petrol-diesel-pump']","['model', 'id']",524,93,68,38,5,0.7311827956989247,4.483870967741935,104.0,18.6,18.0,0,0,0,0,5,0,5,0.21321056891301618,0.017736271105459403,"[0.003640628734020268, 0.010101671493242648, 0.019022129121280845, 0.002708112862375045]","[0.7311827956989247, 0.9565217391304348, 0.989010989010989, 1.0, 1.0]","[0.13978494623655913, 0.4782608695652174, 0.8021978021978022, 0.9111111111111111, 0.9662921348314607]",3.4,5,3.19266149870801,8,8.8,11,88.561,6.27288888888889,0.20033782773216074,0.0985262335292622,0.0993228488954697,0.03479102167182663,0.06315041653579814,0.1056847414785899,0.1292141532432958,0.1217253226222414,0.009940345278044882,0.25
2e86cb3f68b7,"['gpt-4', 'petrol-diesel-pump']","['model', 'id']",736,123,83,55,5,0.6747967479674797,4.861788617886178,146.6,24.6,23.0,0,0,0,3,5,0,8,0.21680774993768043,0.010998138032778354,"[0.01464979859313581, 0.005523878863919307, 0.0015525997673943859, 0.0002699988411072052]","[0.6747967479674797, 0.9508196721311475, 0.9917355371900827, 1.0, 1.0]","[0.11382113821138211, 0.45901639344262296, 0.768595041322314, 0.95, 1.0]",3.8,5,3.3476000981797984,9,9.4,12,78.79724137931035,9.473103448275864,0.2292995892995893,0.11717038517038517,0.11493439893439893,0.013752913752913754,0.09282006882006882,0.12318659118659119,0.11243689643689643,0.10226001883998062,0.0027459832287163866,0.2
acf5c1b344d5,"['gpt-4', 'petrol-diesel-pump']","['model', 'id']",773,124,83,51,5,0.6693548387096774,5.064516129032258,153.8,24.8,21.4,0,0,0,5,5,0,10,0.21771446438396677,0.011983612053840673,"[0.010809785789913623, 0.009156346467195792, 0.0019318633178035116, 0.002069228532768419]","[0.6693548387096774, 0.983739837398374, 1.0, 1.0, 1.0]","[0.10483870967741936, 0.42276422764227645, 0.7786885245901639, 0.9173553719008265, 0.9583333333333334]",3.2,4,3.320567874584688,10,11.2,16,66.5216575342466,11.234986301369862,0.27458937198067634,0.13772342995169082,0.08928140096618357,0.019583333333333335,0.10817028985507246,0.1386413043478261,0.09625603864734299,0.1389715816035415,0.0009325543361436983,1.0
efc289b612e8,"['gpt-4', 'petrol-diesel-pump']","['model', 'id']",698,123,87,54,5,0.7073170731707317,4.528455284552845,138.8,24.6,21.4,0,0,0,3,3,0,6,0.2115232418001656,0.009359981739397963,"[0.009383346134926362, 0.0002037310497069178, 0.006145602863628086, 0.0029872834305345597]","[0.7073170731707317, 0.9836065573770492, 1.0, 1.0, 1.0]","[0.0975609756097561, 0.4098360655737705, 0.743801652892562, 0.8916666666666667, 0.957983193277311]",4.0,6,3.2313120213120214,10,9.0,10,77.14050000000002,9.654500000000002,0.22206211180124225,0.11579296066252588,0.12544927536231884,0.047314699792960664,0.06605797101449275,0.14783229813664595,0.12382194616977225,0.14304147705887305,0.013314999503746039,0.2
4e67012f3836,"['gpt-4', 'petrol-diesel-pump']","['model', 'id']",512,95,66,42,5,0.6947368421052632,4.242105263157895,101.6,19.0,17.8,0,0,0,5,0,0,5,0.20960767198522748,0.01571733313377459,"[0.017018215523825764, 0.008414751953548877, 0.0017744491606841717, 0.004227249629490365]","[0.6947368421052632, 0.9680851063829787, 1.0, 1.0, 1.0]","[0.12631578947368421, 0.48936170212765956, 0.7849462365591398, 0.9130434782608695, 0.967032967032967]",3.6,6,3.121769044108246,11,9.2,15,94.52136363636363,5.540909090909093,0.1800752624282036,0.17300455535749654,0.11816201227965933,0.02826302238066944,0.0915032679738562,0.14070112893642306,0.07068726480491186,0.12574529647827148,0.017146139133622285,0.2
f5138e0f3d19,"['gpt-4', 'petrol-diesel-pump']","['model', 'id']",606,106,72,43,5,0.6792452830188679,4.622641509433962,120.4,21.2,19.2,0,0,0,4,0,0,4,0.21198211839692802,0.008292777343256272,"[0.006483253742021217, 0.0019868579476770565, 0.006911093050187889, 0.0012043499466263818]","[0.6792452830188679, 0.9714285714285714, 1.0, 1.0, 1.0]","[0.11320754716981132, 0.41904761904761906, 0.7211538461538461, 0.941747572815534, 1.0]",2.8,4,3.2327248140635563,10,9.4,11,70.35194957983194,9.359226890756304,0.2290441488336225,0.15363639868903026,0.10567649893965683,0.021052631578947368,0.07864970117601697,0.11412454212454212,0.13587198766146136,0.10958138198563547,0.01239724631022121,0.2
accc5a88cea4,"['gpt-4', 'petrol-diesel-pump']","['model', 'id']",918,156,93,68,5,0.5961538461538461,4.762820512820513,182.8,31.2,25.2,0,0,0,4,1,0,5,0.215957224133561,0.004131841833355326,"[0.004830074972576565, 0.0017947624891232195, 0.0014618941778782313, 0.00017695202713263747]","[0.5961538461538461, 0.9483870967741935, 0.9935064935064936, 1.0, 1.0]","[0.07692307692307693, 0.3032258064516129, 0.551948051948052, 0.7581699346405228, 0.9078947368421053]",4.0,6,4.107940227622727,13,13.0,18,56.73742857142858,14.040571428571429,0.2557337469102175,0.10927142280083457,0.05149480620068855,0.017170111287758347,0.054678903502432916,0.16901705078175666,0.17657931893226012,0.11696470325643366,0.004447034836955244,0.25
46697f77487b,"['gpt-4', 'organ-empire-comply']","['model', 'id']",665,123,79,57,5,0.6422764227642277,4.260162601626016,132.2,24.6,20.6,0,1,0,3,1,1,4,0.21429357294898882,0.01049645117003152,"[0.00824024243788285, 0.008160141140523575, 0.000759099940069341, 0.0038334188215872755]","[0.6422764227642277, 0.9508196721311475, 1.0, 1.0, 1.0]","[0.08943089430894309, 0.3442622950819672, 0.6694214876033058, 0.85, 0.9411764705882353]",4.2,8,3.7100518300648084,11,10.0,14,83.74026573426575,8.684279720279722,0.29202679673267906,0.12331629155158567,0.10206283912166265,0.01,0.045354645354645354,0.17323930970989795,0.13341619165148577,0.11129328698822946,0.0063423119143178885,0.3333333333333333
08aae170d7a8,"['gpt-4', 'organ-empire-comply']","['model', 'id']",926,157,108,79,5,0.6878980891719745,4.7834394904458595,184.4,31.4,26.8,0,0,0,3,2,0,5,0.21639539175163575,0.007286066537589023,"[0.0035544805072368346, 0.0022270856579684195, 0.0012664151789555933, 0.007524151731017198]","[0.6878980891719745, 0.9807692307692307, 1.0, 1.0, 1.0]","[0.08280254777070063, 0.2948717948717949, 0.567741935483871, 0.7727272727272727, 0.9084967320261438]",3.8,8,3.8288329374702843,11,11.2,18,63.287516853932615,13.276022471910114,0.2983328213005632,0.11986277521761393,0.10627547363031234,0.01216589861751152,0.033880184331797236,0.17032872503840246,0.15051203277009728,0.11023584640387332,0.0021386743090240357,0.5
edf13596f3ca,"['gpt-4', 'organ-empire-comply']","['model', 'id']",653,108,76,56,5,0.7037037037037037,4.916666666666667,129.8,21.6,19.8,0,0,0,9,0,0,9,0.21366135187737353,0.0058570659713721995,"[0.003798469664558546, 0.004019002621863804, 0.001791029251538817, 0.002105630404783232]","[0.7037037037037037, 0.9719626168224299, 0.9905660377358491, 1.0, 1.0]","[0.12037037037037036, 0.4205607476635514, 0.6792452830188679, 0.8285714285714286, 0.9519230769230769]",2.8,5,2.9356982650224204,7,7.6,10,69.11120000000001,9.830400000000001,0.19966666666666666,0.13866666666666666,0.15933333333333333,0.024999999999999998,0.083,0.135,0.10266666666666667,0.13729097626426004,0.007606754057548459,0.5
9924d1989757,"['gpt-4', 'organ-empire-comply']","['model', 'id']",886,153,107,76,5,0.6993464052287581,4.686274509803922,176.4,30.6,27.4,0,0,0,6,0,0,6,0.2127374239762624,0.007935479599914266,"[0.003360073054255508, 0.004161684352810641, 0.005328392363213863, 0.003020809429548521]","[0.6993464052287581, 0.9671052631578947, 1.0, 1.0, 1.0]","[0.0718954248366013, 0.3092105263157895, 0.609271523178808, 0.8133333333333334, 0.9261744966442953]",3.6,5,3.4679957469431155,10,9.2,11,69.89575862068968,12.155563218390803,0.2830374997227055,0.14158688507965483,0.1146224516636085,0.03701865637349508,0.04303673914352446,0.15911443230686834,0.13733714890555823,0.08943305232308128,0.009454609859770702,0.14285714285714285
fe9bea07f0d1,"['gpt-4', 'organ-empire-comply']","['model', 'id']",608,105,81,45,5,0.7714285714285715,4.6761904761904765,120.8,21.0,19.6,0,0,0,6,0,0,6,0.21383127341366778,0.012845987195986619,"[0.007161237890758204, 0.009191398946647972, 0.006633811925118888, 0.0027055256294481744]","[0.7714285714285715, 0.9903846153846154, 1.0, 1.0, 1.0]","[0.11428571428571428, 0.47115384615384615, 0.7378640776699029, 0.9117647058823529, 0.9801980198019802]",2.4,3,3.1464150943396225,9,8.6,12,70.38000000000004,9.404999999999998,0.2381913875598086,0.1319043062200957,0.10485167464114832,0.04066985645933014,0.07323444976076555,0.14857416267942583,0.123377990430622,0.12437017939307472,0.007266910984959962,0.25
b28f18e3e485,"['gpt-4', 'organ-empire-comply']","['model', 'id']",740,128,89,60,5,0.6953125,4.6640625,147.2,25.6,22.8,0,0,0,3,0,0,3,0.21389119732851364,0.016638109322879624,"[0.007345799197498559, 0.0131064436501927, 0.00936691133361875, 0.0034570644644492388]","[0.6953125, 0.984251968503937, 1.0, 1.0, 1.0]","[0.09375, 0.28346456692913385, 0.5476190476190477, 0.736, 0.8709677419354839]",2.8,5,3.952701078074476,11,9.8,16,69.41891780821919,10.83087671232877,0.2854978354978355,0.11883116883116883,0.10487012987012986,0.022294372294372294,0.033766233766233764,0.1976190476190476,0.13885281385281387,0.09297402880408547,0.007147063155268252,0.16666666666666666
fd103f6fee12,"['gpt-4', 'organ-empire-comply']","['model', 'id']",653,110,74,51,5,0.6727272727272727,4.8,129.8,22.0,19.2,0,0,0,6,1,0,7,0.2125491122638478,0.008495807432681093,"[0.009075081400024942, 0.0033445864012747184, 0.0010395046436425248, 0.003532442420420001]","[0.6727272727272727, 0.9541284403669725, 1.0, 1.0, 1.0]","[0.1, 0.3394495412844037, 0.6388888888888888, 0.8504672897196262, 0.9622641509433962]",2.6,3,3.5160335621662853,11,11.4,16,67.11414285714287,10.15863492063492,0.26286169970380496,0.16408293460925039,0.07009341535657325,0.019090909090909092,0.08207792207792208,0.16704716336295283,0.11123946229209387,0.11547060446305708,0.00983123328459995,1.0
baacd9a4698d,"['gpt-4', 'organ-empire-comply']","['model', 'id']",718,121,84,55,5,0.6942148760330579,4.801652892561983,142.8,24.2,22.0,0,0,0,4,1,0,5,0.21755682976558954,0.011677775252393344,"[0.0031021009340430616, 0.0048254424562821085, 0.005496928516106725, 0.009931078598354792]","[0.6942148760330579, 0.9833333333333333, 1.0, 1.0, 1.0]","[0.09917355371900827, 0.4166666666666667, 0.7142857142857143, 0.9152542372881356, 0.9743589743589743]",2.8,6,3.19563531489761,8,8.8,10,74.47785714285716,9.827142857142857,0.2826887605148475,0.1348971318536536,0.09993209688861862,0.033148880105401846,0.04843924191750279,0.15604134995439345,0.12566838958143306,0.11682473890709155,0.00018420171888355874,0.5
a2d5ff034036,"['gpt-4', 'organ-empire-comply']","['model', 'id']",611,110,73,39,5,0.6636363636363637,4.445454545454545,121.4,22.0,19.8,0,0,1,5,0,0,5,0.21235381390562585,0.010028483431576668,"[0.0020652030195508764, 0.0100940512372302, 0.005719044765868764, 0.0021786678405034954]","[0.6636363636363637, 0.9357798165137615, 0.9907407407407407, 1.0, 1.0]","[0.11818181818181818, 0.43119266055045874, 0.7592592592592593, 0.9345794392523364, 0.9905660377358491]",2.8,5,2.9655551655551657,8,9.6,14,80.5427142857143,8.285619047619047,0.20804692891649412,0.10871635610766045,0.13873015873015873,0.054409937888198756,0.06444444444444444,0.16875086266390613,0.09453416149068322,0.09772335941141302,0.010221830001043819,0.14285714285714285
aa2d21fd6288,"['gpt-4', 'organ-empire-comply']","['model', 'id']",649,113,79,53,5,0.6991150442477876,4.628318584070796,129.0,22.6,21.0,0,0,0,6,0,0,6,0.21585120807884395,0.01360464849048254,"[0.011788673431445379, 0.012281062712077212, 0.0020833112622610506, 0.0010562495751814394]","[0.6991150442477876, 0.9821428571428571, 1.0, 1.0, 1.0]","[0.10619469026548672, 0.42857142857142855, 0.7387387387387387, 0.8909090909090909, 0.9724770642201835]",4.4,8,3.1157919254658384,8,8.4,9,76.97269230769233,8.982307692307696,0.2871382310593944,0.19012543684426758,0.059002664125569565,0.04851489725631602,0.05698671217974385,0.14573766005817382,0.0785855901601085,0.09863418340682983,0.003227041654607632,0.25
27b3fe195559,"['gpt-4', 'organ-empire-comply']","['model', 'id']",647,109,78,54,5,0.7155963302752294,4.7889908256880735,128.6,21.8,19.8,0,0,0,5,0,0,5,0.2106446858721959,0.019923431149650103,"[0.005421631625204398, 0.00900587535867789, 0.007962558606658315, 0.017456796708759603]","[0.7155963302752294, 0.9722222222222222, 1.0, 1.0, 1.0]","[0.11009174311926606, 0.37962962962962965, 0.6728971962616822, 0.8962264150943396, 0.9809523809523809]",2.2,3,3.338996138996139,11,8.4,11,69.79985714285716,9.784031746031747,0.2311735861392612,0.15016323417238747,0.07148654244306418,0.03574327122153209,0.06631971232428899,0.18172387490465294,0.14598060368312085,0.09965654575463498,0.013640086067903734,0.16666666666666666
c54734efc2c5,"['gpt-4', 'organ-empire-comply']","['model', 'id']",642,111,73,51,5,0.6576576576576577,4.621621621621622,127.6,22.2,19.6,0,0,0,6,3,0,9,0.21356190321492213,0.015492963466703563,"[0.0049295262995855404, 0.007358858802101825, 0.012291525560195998, 0.006406016271523762]","[0.6576576576576577, 0.9636363636363636, 1.0, 1.0, 1.0]","[0.10810810810810811, 0.36363636363636365, 0.7064220183486238, 0.8703703703703703, 0.9626168224299065]",3.2,4,3.129630539738899,9,9.4,12,76.3219230769231,9.073076923076925,0.2729150197628459,0.1430592885375494,0.1071600790513834,0.02159090909090909,0.09686363636363636,0.1517509881422925,0.09226877470355731,0.08833124782099869,0.007805651382451262,0.14285714285714285
75b92e84d548,"['gpt-4', 'organ-empire-comply']","['model', 'id']",996,157,106,74,5,0.6751592356687898,5.235668789808917,198.4,31.4,26.2,0,0,0,8,5,0,13,0.21558640218142977,0.009743232992572293,"[0.010311887645241102, 0.005555126409390904, 0.0026349416800907632, 0.0009845102504218162]","[0.6751592356687898, 0.967948717948718, 1.0, 1.0, 1.0]","[0.08280254777070063, 0.3141025641025641, 0.6258064516129033, 0.8701298701298701, 0.9673202614379085]",3.6,6,3.38947788960669,9,10.4,13,54.73246067415734,14.469280898876406,0.26237133237133237,0.1431842231842232,0.08857623857623857,0.007407407407407407,0.10224867724867724,0.14033910533910535,0.15255170755170755,0.10649579763412476,0.003756653449435987,0.16666666666666666
cc6d43be2aa6,"['gpt-4', 'organ-empire-comply']","['model', 'id']",654,104,80,51,5,0.7692307692307693,5.153846153846154,130.0,20.8,19.4,0,0,0,3,0,0,3,0.21367633590511248,0.00743251695612028,"[0.0070674669862997586, 0.0008706090942261768, 0.0037816880241273165, 0.0031452698075873087]","[0.7692307692307693, 0.9902912621359223, 1.0, 1.0, 1.0]","[0.125, 0.39805825242718446, 0.6764705882352942, 0.8811881188118812, 0.97]",3.4,5,2.9382755464468664,8,8.8,11,63.242705882352936,10.350823529411766,0.28146679830890353,0.14609351661983241,0.12118528644844434,0.00909090909090909,0.04083694083694084,0.17254854307485887,0.11319713424976582,0.13255828619003296,0.007576786002070568,0.16666666666666666
bfd311904112,"['gpt-4', 'organ-empire-comply']","['model', 'id']",720,122,81,63,5,0.6639344262295082,4.778688524590164,143.2,24.4,20.8,0,0,0,1,0,0,1,0.21593307478270407,0.008082659508030249,"[0.0009869270464953062, 0.005102367202440894, 0.004982275764147448, 0.0050937490029768495]","[0.6639344262295082, 0.9752066115702479, 1.0, 1.0, 1.0]","[0.09836065573770492, 0.32231404958677684, 0.575, 0.7899159663865546, 0.8983050847457628]",2.8,5,3.408101354663711,9,9.6,12,72.66500000000002,10.080000000000002,0.27680952380952384,0.12923809523809524,0.11642857142857142,0.01633333333333333,0.015476190476190475,0.19366666666666668,0.15623809523809523,0.09292176636782559,0.0030633082468873862,0.14285714285714285
b62ba19d9190,"['gpt-4', 'organ-empire-comply']","['model', 'id']",740,122,94,67,5,0.7704918032786885,4.877049180327869,147.2,24.4,23.2,0,0,0,4,0,0,4,0.21656659659299846,0.01623454063601182,"[0.0050013342428296415, 0.004683132739792095, 0.008418757536194532, 0.014365856753207368]","[0.7704918032786885, 0.9834710743801653, 1.0, 1.0, 1.0]","[0.10655737704918032, 0.4049586776859504, 0.7583333333333333, 0.9411764705882353, 0.9830508474576272]",4.0,5,4.048759437965174,16,10.0,14,73.09325827814571,10.566807947019871,0.2718517841919377,0.22217756667884545,0.08713737668980635,0.029285714285714283,0.043793691389599314,0.10464255267324321,0.0896583850931677,0.1127440297242367,0.001796264626298616,0.3333333333333333
b89c9c554e37,"['gpt-4', 'organ-empire-comply']","['model', 'id']",860,146,94,64,5,0.6438356164383562,4.773972602739726,171.2,29.2,23.4,0,0,0,3,0,0,3,0.21679972230441988,0.009359290572766951,"[0.0016204003612003415, 0.006019325359798516, 0.0070148567650832605, 0.004063998659451784]","[0.6438356164383562, 0.9310344827586207, 1.0, 1.0, 1.0]","[0.0821917808219178, 0.27586206896551724, 0.5069444444444444, 0.7062937062937062, 0.8450704225352113]",3.6,7,3.94427803419719,11,11.4,16,68.1514578313253,12.001373493975908,0.26260191421481743,0.14089844374474356,0.057268664289537155,0.007692307692307693,0.04719714188404891,0.21062479582403681,0.17003913227822146,0.09186608682979237,0.001330013203455771,0.5
ef601de730e9,"['gpt-4', 'organ-empire-comply']","['model', 'id']",890,152,104,77,5,0.6842105263157895,4.7368421052631575,177.2,30.4,25.4,0,0,0,3,0,0,3,0.21455573169890121,0.004497367673300223,"[0.0004389986673032087, 0.004438802258044938, 0.0016249824772801291, 0.0024919519439721705]","[0.6842105263157895, 0.9602649006622517, 1.0, 1.0, 1.0]","[0.07894736842105263, 0.2582781456953642, 0.5, 0.7315436241610739, 0.8986486486486487]",3.2,7,3.8490274752569835,11,10.6,12,64.13218497109828,12.909780346820813,0.2930106395988749,0.12977750601280014,0.08979691003220415,0.04345668745668746,0.03412335412335413,0.20445020586197057,0.15271061106355224,0.09229115283850467,0.0058179944144930995,0.5
54b27cc44be0,"['gpt-4', 'organ-empire-comply']","['model', 'id']",752,126,89,61,5,0.7063492063492064,4.825396825396825,149.6,25.2,22.4,0,0,0,2,2,0,4,0.21053468422160124,0.010501055643352145,"[0.008634125825130595, 0.002023086550233366, 0.002138884693056675, 0.008206014218283653]","[0.7063492063492064, 0.96, 1.0, 1.0, 1.0]","[0.10317460317460317, 0.384, 0.6612903225806451, 0.8455284552845529, 0.9426229508196722]",3.4,6,3.0526140775765964,8,8.2,10,67.71172413793106,11.019310344827588,0.2611428571428571,0.11987301587301587,0.16008465608465608,0.03788359788359788,0.03451851851851852,0.16505820105820104,0.10103703703703704,0.11045703201582938,0.013860089369093054,0.16666666666666666
bb1eec0857e0,"['gpt-4', 'organ-empire-comply']","['model', 'id']",821,135,95,67,5,0.7037037037037037,4.977777777777778,163.4,27.0,23.8,0,0,0,6,2,0,8,0.21744463188731256,0.011700357861554322,"[0.010720089929444454, 0.004658333370179846, 0.0029421000332979785, 0.005080192390186367]","[0.7037037037037037, 0.9626865671641791, 0.9924812030075187, 1.0, 1.0]","[0.08888888888888889, 0.3358208955223881, 0.6541353383458647, 0.8712121212121212, 0.9618320610687023]",2.8,6,3.31649109170127,10,10.4,13,69.0583529411765,11.22896732026144,0.2810621101987706,0.1435379618412328,0.09313395202983303,0.0125,0.07935412023950185,0.14956333537737496,0.11416785694699949,0.10736714529268669,4.019403767041574e-05,0.14285714285714285
6a275eb974f8,"['gpt-4', 'organ-empire-comply']","['model', 'id']",700,121,84,58,5,0.6942148760330579,4.652892561983471,139.2,24.2,21.6,0,0,0,4,4,0,8,0.21309122217833742,0.002982600841607952,"[0.0004149308571448629, 0.0006008436391641836, 0.0026623383983150894, 0.002287088788591768]","[0.6942148760330579, 0.9666666666666667, 1.0, 1.0, 1.0]","[0.09090909090909091, 0.30833333333333335, 0.6050420168067226, 0.7796610169491526, 0.8803418803418803]",3.0,5,3.6964601973143036,10,9.6,11,75.21665217391303,9.624724637681165,0.3159675162418791,0.11708095952023988,0.07315542228885558,0.0,0.06931684157921039,0.18236281859070463,0.1393398300849575,0.10015369184089429,0.008747013455620678,0.14285714285714285
924eba71164b,"['gpt-4', 'organ-empire-comply']","['model', 'id']",527,101,65,37,5,0.6435643564356436,4.118811881188119,104.6,20.2,18.4,0,0,0,9,0,0,9,0.21366440641271459,0.00484898912184166,"[0.0012893634183066272, 0.004219489851039204, 0.0012926359369297424, 0.0028964890374077457]","[0.6435643564356436, 0.93, 0.98989898989899, 1.0, 1.0]","[0.12871287128712872, 0.47, 0.7575757575757576, 0.9081632653061225, 0.979381443298969]",1.6,3,3.18892497236989,9,10.0,12,82.88114285714289,7.263857142857145,0.215691856452726,0.13749137336093858,0.10568495514147688,0.030917874396135265,0.11133540372670807,0.13749137336093858,0.14155452035886817,0.10940271977222327,0.007600644986866356,0.14285714285714285
253eea0a8539,"['gpt-4', 'organ-empire-comply']","['model', 'id']",729,125,83,55,5,0.664,4.72,145.0,25.0,22.0,0,0,0,9,1,0,10,0.2138052150055214,0.01013988649466721,"[0.004238375486471713, 0.0014832519290052804, 0.011139518925637942, 0.003418626648219486]","[0.664, 0.9596774193548387, 1.0, 1.0, 1.0]","[0.096, 0.3790322580645161, 0.6910569105691057, 0.9098360655737705, 0.9834710743801653]",3.6,5,3.470985632491575,10,10.2,14,70.13327272727275,10.58218181818182,0.2251415201490164,0.1899168597519422,0.07081686429512517,0.03295715778474399,0.09005588115033393,0.14183590023170234,0.10195584026168734,0.1050249735514323,0.007319027801252709,0.25
6c5dd7558cb5,"['gpt-4', 'organ-empire-comply']","['model', 'id']",617,107,71,49,5,0.6635514018691588,4.626168224299065,122.6,21.4,19.8,0,0,0,5,0,0,5,0.2141276020683399,0.013006988822758872,"[0.006496614643505649, 0.003708613705841496, 0.011845382916065933, 0.003963366380104666]","[0.6635514018691588, 0.9905660377358491, 1.0, 1.0, 1.0]","[0.102803738317757, 0.3584905660377358, 0.6571428571428571, 0.9134615384615384, 0.9805825242718447]",3.2,6,3.089347508859704,7,7.8,9,81.37106451612904,8.070709677419355,0.31672727272727275,0.12236363636363637,0.0730909090909091,0.019090909090909092,0.09418181818181819,0.16927272727272727,0.12418181818181818,0.09133863087856409,0.006674253675615749,0.14285714285714285
40fd4713cf35,"['gpt-4', 'organ-empire-comply']","['model', 'id']",711,124,83,53,5,0.6693548387096774,4.604838709677419,141.4,24.8,21.6,0,0,0,2,2,0,4,0.21375123470891888,0.002171066350129175,"[0.0022037877995743638, 0.0015053038645272132, 0.0002259987336653002, 0.00040704230249147266]","[0.6693548387096774, 0.967479674796748, 1.0, 1.0, 1.0]","[0.0967741935483871, 0.3252032520325203, 0.5737704918032787, 0.768595041322314, 0.8833333333333333]",3.6,6,3.4339900667781906,12,10.2,14,73.21200000000003,10.053390070921985,0.27573167573167573,0.13548303548303547,0.08878528878528878,0.0150997150997151,0.04977984977984978,0.20176120176120174,0.13688163688163688,0.09630568099744392,0.0074269883944577675,0.14285714285714285
2b02fd80111f,"['gpt-4', 'organ-empire-comply']","['model', 'id']",837,151,97,69,5,0.6423841059602649,4.437086092715232,166.6,30.2,25.6,0,0,0,4,0,0,4,0.21571632515947126,0.013537753801875677,"[0.011373553591084773, 0.011768663577642446, 0.0016545858703741756, 0.002278704564649958]","[0.6423841059602649, 0.96, 1.0, 1.0, 1.0]","[0.0728476821192053, 0.3, 0.6040268456375839, 0.8108108108108109, 0.9319727891156463]",4.2,8,3.5425976538804105,10,9.8,12,69.12016279069769,12.164372093023257,0.2830482456140351,0.11744152046783626,0.09753411306042885,0.018179824561403508,0.03912280701754386,0.17687378167641324,0.13486598440545808,0.10617736614111697,0.0034968074933530158,0.14285714285714285
9dd4c7477628,"['gpt-4', 'organ-empire-comply']","['model', 'id']",834,152,97,66,5,0.6381578947368421,4.3881578947368425,166.0,30.4,26.0,0,0,0,1,2,0,3,0.2158226340522855,0.003549230627303876,"[0.0007912523898424006, 0.003629389955254636, 0.0014636831326441668, 0.0012141357768665484]","[0.6381578947368421, 0.9602649006622517, 1.0, 1.0, 1.0]","[0.07894736842105263, 0.304635761589404, 0.62, 0.8187919463087249, 0.9391891891891891]",5.2,7,3.7029102647642698,15,10.8,14,74.28852941176473,11.344117647058827,0.30548732943469786,0.12009892787524366,0.0630687134502924,0.01992982456140351,0.04726705653021442,0.1722309941520468,0.12767007797270954,0.109007994333903,0.0032841897077245386,0.5
9b957abc7c6b,"['gpt-4', 'organ-empire-comply']","['model', 'id']",661,119,79,44,5,0.6638655462184874,4.394957983193278,131.4,23.8,21.6,3,0,1,6,2,3,8,0.20740843235060227,0.005585304716739889,"[0.0025115548360227224, 0.005291845401128148, 0.003349020145275272, 1.818905105363533e-05]","[0.6638655462184874, 0.9576271186440678, 1.0, 1.0, 1.0]","[0.1092436974789916, 0.4152542372881356, 0.7350427350427351, 0.8706896551724138, 0.9565217391304348]",4.2,7,3.1093788078282576,7,9.2,11,79.81200000000003,9.132822695035461,0.24491624317711275,0.16540937323546018,0.05176359872012046,0.01619047619047619,0.1099604743083004,0.1300094108789761,0.11346132128740824,0.10796893365455396,0.02011259311109098,0.14285714285714285
0dca36041487,"['gpt-4', 'organ-empire-comply']","['model', 'id']",797,132,89,60,5,0.6742424242424242,4.886363636363637,158.6,26.4,23.4,0,0,0,4,1,0,5,0.21548275011407453,0.010949711143526872,"[0.006960042904723768, 0.0013060213281557986, 0.006752621696823419, 0.0068807363573507585]","[0.6742424242424242, 0.9465648854961832, 1.0, 1.0, 1.0]","[0.09090909090909091, 0.3816793893129771, 0.6923076923076923, 0.8992248062015504, 0.96875]",5.0,7,3.2344124811804225,10,9.6,14,69.48354838709677,11.269032258064517,0.24897994768962511,0.1594713481810256,0.0973400966949354,0.03358722358722359,0.05375287310771182,0.1284251406832052,0.1327843385907902,0.09743792721719453,0.003963957584146471,0.14285714285714285
c5fc675dbabd,"['gpt-4', 'organ-empire-comply']","['model', 'id']",689,115,79,52,5,0.6869565217391305,4.852173913043479,137.0,23.0,20.0,0,0,0,7,0,0,7,0.21583267673288176,0.007687836989656194,"[0.010659822159343302, 0.0023683295545414984, 0.00035400699068616204, 0.0019935152747414253]","[0.6869565217391305, 0.9473684210526315, 1.0, 1.0, 1.0]","[0.11304347826086956, 0.35964912280701755, 0.6283185840707964, 0.8571428571428571, 0.9819819819819819]",3.2,6,3.235520445892718,8,9.0,10,71.08445454545458,9.902969696969695,0.2425550382703385,0.13149717007524944,0.10641880016929334,0.01598746081504702,0.07221795800664262,0.1580116640244471,0.13250575669103248,0.10593336459362146,0.003264104346532015,0.14285714285714285
553ce501e9e4,"['gpt-4', 'organ-empire-comply']","['model', 'id']",628,105,69,45,5,0.6571428571428571,4.876190476190477,124.8,21.0,18.0,0,0,0,2,0,0,2,0.21565461116607743,0.023762642225741232,"[0.00753079394360523, 0.01832135891673542, 0.014476031366020742, 0.0071971002251210725]","[0.6571428571428571, 0.9038461538461539, 0.9805825242718447, 0.9901960784313726, 1.0]","[0.11428571428571428, 0.3076923076923077, 0.5339805825242718, 0.7156862745098039, 0.8712871287128713]",2.2,3,3.342256709135267,11,9.2,12,72.48472268907564,9.061747899159666,0.29660584849708554,0.10515516587329751,0.14599032456752203,0.00909090909090909,0.03788460048050841,0.1940411654572376,0.1130932422896348,0.11126432093706998,0.0036202354801406766,0.16666666666666666
33f149bb9877,"['gpt-4', 'organ-empire-comply']","['model', 'id']",629,110,74,43,5,0.6727272727272727,4.572727272727272,125.0,22.0,19.6,1,0,0,5,0,1,5,0.21559424086134563,0.00499501569658263,"[0.0033372799555460575, 0.002882478736404681, 0.00033691874790542364, 0.0034333539533090984]","[0.6727272727272727, 0.963302752293578, 1.0, 1.0, 1.0]","[0.11818181818181818, 0.46788990825688076, 0.7685185185185185, 0.9252336448598131, 0.9811320754716981]",3.4,6,3.3090693605733956,10,8.4,11,72.47289763779528,9.46088188976378,0.20802373581011352,0.14110865398791095,0.11077251953412943,0.04452380952380952,0.08815126050420168,0.15730134158926729,0.0983937785640572,0.10793418956525398,0.0037409760896042754,0.3333333333333333
8bbe0ce565d7,"['gpt-4', 'organ-empire-comply']","['model', 'id']",802,141,90,60,5,0.6382978723404256,4.581560283687943,159.6,28.2,24.0,0,0,0,3,3,0,6,0.212658891368047,0.014666816470149016,"[0.007979493831103524, 0.009855022884550535, 0.004071804919800193, 0.007427311304843781]","[0.6382978723404256, 0.9571428571428572, 1.0, 1.0, 1.0]","[0.07092198581560284, 0.2571428571428571, 0.4892086330935252, 0.717391304347826, 0.8686131386861314]",3.6,5,3.673930183417105,12,9.8,15,73.36375000000002,10.976250000000004,0.2779057149746805,0.15340607668193876,0.08104252069769312,0.0,0.06993207941483803,0.19091712884816334,0.15810626155453741,0.09694702155662305,0.009611675076201531,0.14285714285714285
10ff6786b130,"['gpt-4', 'organ-empire-comply']","['model', 'id']",713,127,80,54,5,0.6299212598425197,4.52755905511811,141.8,25.4,22.6,0,0,0,5,0,0,5,0.21498069523265526,0.006373961350489482,"[0.00675187843702571, 0.0019840421257438234, 0.0017233019346719336, 0.002288700203537497]","[0.6299212598425197, 0.9285714285714286, 0.984, 1.0, 1.0]","[0.10236220472440945, 0.35714285714285715, 0.64, 0.8306451612903226, 0.943089430894309]",3.8,8,3.4853826973412314,10,9.6,14,77.14050000000002,9.654500000000002,0.2651532989128897,0.12459868444523176,0.08288376395793275,0.026455026455026454,0.06129729889320682,0.18101524316358075,0.1113835960383275,0.09961118120135683,0.004968067346985017,0.25
