result_id,group_id,group_by,metric_length_in_chars,metric_length_in_words,metric_length_in_unique_words,metric_length_in_concepts,metric_length_in_sentences,metric_avg_word_length_in_chars,metric_avg_sentence_length_in_chars,metric_avg_sentence_length_in_words,metric_avg_sentence_length_in_unique_words,metric_dsi,metric_surprise,metric_raw_surprises,metric_n_gram_diversity,metric_pos_diversity,metric_avg_dependency_num_clauses,metric_max_dependency_num_clauses,metric_avg_dependency_path_length,metric_max_dependency_path_length,metric_inv_homogen,metric_novelty,metric_theme_uniqueness
04e4955d1efc,"['gpt-4', 'low']","['model', 'semantic_distance']",957,160,100,73,5,4.85625,190.6,32.0,26.4,0.21935737321275192,0.01720541212047791,"[0.013230108981039018, 0.008813517389733821, 0.0037446322004779375, 0.00862256566970504]","[0.625, 0.9559748427672956, 1.0, 1.0, 1.0]","[0.08125, 0.3522012578616352, 0.6518987341772152, 0.8535031847133758, 0.9423076923076923]",4.2,7,3.572679925780142,11,0.155776949639016,0.0016995694018401286,0.5
8b45d248d147,"['gpt-4', 'low']","['model', 'semantic_distance']",955,167,116,82,5,4.598802395209581,190.2,33.4,28.4,0.21259387195989762,0.006986820188878126,"[0.0038393470586514933, 0.0032978605698136543, 0.0065190100911952376, 0.00031742265809586723]","[0.6946107784431138, 0.9819277108433735, 1.0, 1.0, 1.0]","[0.07784431137724551, 0.28313253012048195, 0.6060606060606061, 0.823170731707317, 0.9447852760736196]",4.4,6,3.8969726198328467,11,0.1475238267411577,0.011827433103868468,0.16666666666666666
417d520732d1,"['gpt-4', 'low']","['model', 'semantic_distance']",824,139,90,64,5,4.776978417266187,164.0,27.8,24.2,0.21400155538013058,0.01738739245789815,"[0.01457159957844456, 0.010857416487438765, 0.008685724590069194, 0.0006600442598437839]","[0.6474820143884892, 0.9492753623188406, 0.9927007299270073, 1.0, 1.0]","[0.09352517985611511, 0.37681159420289856, 0.656934306569343, 0.8382352941176471, 0.9555555555555556]",4.2,10,3.4354865424430643,10,0.14534564094340546,0.009012066263402563,0.5
55f4e6e25ac3,"['gpt-4', 'low']","['model', 'semantic_distance']",767,128,89,65,5,4.8515625,152.6,25.6,23.2,0.2168618284738981,0.004490835746025601,"[0.003200178977214918, 0.00292166946254252, 0.0003032639131441417, 0.0025565591391496223]","[0.6953125, 0.9921259842519685, 1.0, 1.0, 1.0]","[0.1015625, 0.33858267716535434, 0.6190476190476191, 0.8, 0.8951612903225806]",3.6,7,3.2525268109755987,8,0.12495458506523295,0.0032915200758675267,0.25
b0f11eab1d9d,"['gpt-4', 'low']","['model', 'semantic_distance']",929,158,102,73,5,4.7974683544303796,185.0,31.6,26.4,0.21648879884494132,0.01617342482058684,"[0.003018929398193426, 0.004849037669953843, 0.013348650801312784, 0.011130231771713628]","[0.6455696202531646, 0.9681528662420382, 1.0, 1.0, 1.0]","[0.08227848101265822, 0.3248407643312102, 0.6217948717948718, 0.832258064516129, 0.935064935064935]",4.6,7,3.6394715931247563,11,0.13303516646648975,0.004037579333781072,0.25
0a71301ee141,"['gpt-4', 'low']","['model', 'semantic_distance']",937,160,108,71,5,4.6875,186.6,32.0,26.8,0.21446968048391207,0.008016792554703958,"[0.00029134054004756327, 0.004935923394034897, 0.006593277553717275, 0.004213043621608181]","[0.675, 0.9748427672955975, 1.0, 1.0, 1.0]","[0.075, 0.2893081761006289, 0.5569620253164557, 0.7452229299363057, 0.8846153846153846]",4.2,7,4.201620794659327,16,0.12937189163045681,0.008075816055839569,0.16666666666666666
8e71af4478a9,"['gpt-4', 'low']","['model', 'semantic_distance']",794,138,93,66,5,4.6521739130434785,158.0,27.6,23.6,0.214369818825266,0.017668150638763896,"[0.005298359075308706, 0.003863827568112016, 0.020526336821722196, 0.005647777812384874]","[0.6739130434782609, 0.9854014598540146, 1.0, 1.0, 1.0]","[0.09420289855072464, 0.3357664233576642, 0.5808823529411765, 0.7555555555555555, 0.8880597014925373]",3.2,6,3.517175053292373,9,0.13795816010617196,0.00827553937313169,0.16666666666666666
35dd376556e0,"['gpt-4', 'low']","['model', 'semantic_distance']",847,146,105,70,5,4.664383561643835,168.6,29.2,26.0,0.21231717823948673,0.014073196879056768,"[0.00902297867066934, 0.004423433271321386, 0.0035846744876291137, 0.011115307328493695]","[0.7191780821917808, 0.9862068965517241, 1.0, 1.0, 1.0]","[0.08904109589041095, 0.33793103448275863, 0.6527777777777778, 0.8811188811188811, 0.971830985915493]",3.6,7,3.4523872529245665,11,0.13132817440844596,0.012380820544690252,0.3333333333333333
be1de831c4a8,"['gpt-4', 'low']","['model', 'semantic_distance']",902,159,106,75,5,4.540880503144654,179.8,31.8,27.0,0.21402521863713994,0.006159242000662868,"[0.0021979706627981987, 0.005242638321050319, 0.0038424949762899396, 0.0010353800411872782]","[0.6666666666666666, 0.9620253164556962, 0.9936305732484076, 1.0, 1.0]","[0.0880503144654088, 0.310126582278481, 0.5923566878980892, 0.782051282051282, 0.9032258064516129]",3.6,6,4.09228927122754,14,0.12992729658776142,0.008964739749383832,0.25
31d9dcd571c0,"['gpt-4', 'low']","['model', 'semantic_distance']",814,139,93,59,5,4.726618705035971,162.0,27.8,23.6,0.2101817274915761,0.020989974402325418,"[0.005496212366348507, 0.005689387090785397, 0.01641657584474915, 0.014377773502767782]","[0.6690647482014388, 0.9710144927536232, 1.0, 1.0, 1.0]","[0.08633093525179857, 0.37681159420289856, 0.7372262773722628, 0.9338235294117647, 0.9925925925925926]",2.8,5,3.331470588235294,11,0.14443439879315964,0.01665172204051152,0.3333333333333333
405046863ca8,"['gpt-4', 'low']","['model', 'semantic_distance']",856,148,101,71,5,4.695945945945946,170.4,29.6,25.6,0.21289047628821023,0.010325506743914623,"[0.001912756608082683, 0.003731702838563944, 0.006536988487020584, 0.008469565554162034]","[0.6824324324324325, 0.9455782312925171, 0.9794520547945206, 0.993103448275862, 1.0]","[0.08108108108108109, 0.3129251700680272, 0.5958904109589042, 0.8275862068965517, 0.9444444444444444]",3.2,6,3.473305938799146,10,0.14641329963156519,0.011234224447243257,0.5
f0c056fe9868,"['gpt-4', 'low']","['model', 'semantic_distance']",772,133,90,64,5,4.684210526315789,153.6,26.6,23.0,0.21430070163120354,0.009281462013145864,"[0.003111802615870962, 0.0011169139309679943, 0.003543368794701296, 0.010790838684751475]","[0.6766917293233082, 0.9696969696969697, 1.0, 1.0, 1.0]","[0.06766917293233082, 0.25, 0.5114503816793893, 0.7307692307692307, 0.8682170542635659]",3.6,7,3.7157696229954293,11,0.14679186268055694,0.008413773761256627,0.3333333333333333
afb30fade4ee,"['gpt-4', 'low']","['model', 'semantic_distance']",791,134,90,65,5,4.7835820895522385,157.4,26.8,23.8,0.21976058958814695,0.005130871941172885,"[0.004230354702661893, 0.003490559118134645, 0.0014082751048156705, 0.0011325549567335613]","[0.6716417910447762, 0.9548872180451128, 0.9848484848484849, 0.9923664122137404, 1.0]","[0.08955223880597014, 0.3533834586466165, 0.6666666666666666, 0.8854961832061069, 0.9461538461538461]",4.6,6,3.2541894301076413,9,0.1467007246423275,0.0025060021526301934,0.25
3e8c1465af91,"['gpt-4', 'low']","['model', 'semantic_distance']",927,159,110,77,5,4.70440251572327,184.6,31.8,27.2,0.21385698056106933,0.010185772914141064,"[0.0017552284910213878, 0.007977813361627367, 0.003195672165527047, 0.007442831810106326]","[0.6918238993710691, 0.9746835443037974, 1.0, 1.0, 1.0]","[0.08176100628930817, 0.35443037974683544, 0.6305732484076433, 0.8653846153846154, 0.967741935483871]",5.4,7,3.4442125937876904,11,0.1302744543298762,0.00930121590152505,0.3333333333333333
08c24c3cd13b,"['gpt-4', 'low']","['model', 'semantic_distance']",857,146,98,68,5,4.760273972602739,170.6,29.2,26.0,0.21509433302887707,0.009591648610186868,"[0.0045723962061332835, 0.0026001969973246386, 0.009075519773695195, 0.0029351842432206177]","[0.6712328767123288, 0.9655172413793104, 1.0, 1.0, 1.0]","[0.08904109589041095, 0.33793103448275863, 0.6319444444444444, 0.8251748251748252, 0.9366197183098591]",4.4,9,3.738320241139934,11,0.14398349472816954,0.006826510965909582,0.25
db6e95a0588a,"['gpt-4', 'low']","['model', 'semantic_distance']",835,156,99,64,5,4.256410256410256,166.2,31.2,25.6,0.21336048448251355,0.01526499355262291,"[0.0036301822249406313, 0.014203898420854788, 0.0034424315541337625, 0.009253474905316639]","[0.6346153846153846, 0.9548387096774194, 1.0, 1.0, 1.0]","[0.07692307692307693, 0.2903225806451613, 0.5714285714285714, 0.7777777777777778, 0.9144736842105263]",3.4,6,3.870425661763623,13,0.12605950680184871,0.010294208058636622,0.16666666666666666
28324d7612dd,"['gpt-4', 'low']","['model', 'semantic_distance']",960,168,106,73,5,4.619047619047619,191.2,33.6,28.2,0.21076675521456487,0.006440372664082872,"[0.0006758786884008827, 0.0022339081903647307, 0.0013832409180694616, 0.008587717531330669]","[0.6309523809523809, 0.9341317365269461, 0.9939759036144579, 1.0, 1.0]","[0.07142857142857142, 0.2634730538922156, 0.5180722891566265, 0.7333333333333333, 0.8780487804878049]",4.0,9,4.089135478331242,14,0.13055907665415012,0.015481666594533983,0.16666666666666666
c1d97c9146d0,"['gpt-4', 'low']","['model', 'semantic_distance']",750,126,84,63,5,4.777777777777778,149.2,25.2,21.6,0.21375906781788917,0.021658731926055205,"[0.015445033752874593, 0.006557041450297896, 0.01261781665868375, 0.008697571990254171]","[0.6666666666666666, 0.944, 1.0, 1.0, 1.0]","[0.09523809523809523, 0.328, 0.6129032258064516, 0.7886178861788617, 0.9016393442622951]",3.8,5,3.868907631942881,12,0.1349478135717676,0.009497041387885374,0.16666666666666666
c7008eeee8e3,"['gpt-4', 'low']","['model', 'semantic_distance']",967,162,104,77,5,4.845679012345679,192.6,32.4,27.6,0.21713050071376688,0.009239125085409375,"[0.006702452527278913, 0.0028013734441054705, 0.00393536216334292, 0.005039062036091446]","[0.6419753086419753, 0.9751552795031055, 1.0, 1.0, 1.0]","[0.06790123456790123, 0.3105590062111801, 0.625, 0.8176100628930818, 0.9240506329113924]",4.2,6,3.7310809632777597,10,0.1277564599158916,0.0027541755961299486,0.16666666666666666
854c444fd5e3,"['gpt-4', 'low']","['model', 'semantic_distance']",843,153,105,76,5,4.366013071895424,167.8,30.6,26.0,0.2128668022783179,0.008664842455733568,"[0.010440402874855592, 0.003038208695397532, 0.002971171022771474, 0.0008799023184425381]","[0.6862745098039216, 0.9736842105263158, 1.0, 1.0, 1.0]","[0.0784313725490196, 0.3026315789473684, 0.5629139072847682, 0.78, 0.8791946308724832]",3.4,6,3.8809343663161626,15,0.14047809103701978,0.011281572467027934,0.25
bf6db7e58a4a,"['gpt-4', 'low']","['model', 'semantic_distance']",862,149,102,71,5,4.671140939597316,171.8,29.8,25.8,0.2148918219015632,0.004206029035095898,"[0.002553784148596999, 0.0014425924623491237, 0.0009074208723234278, 0.003508260586922246]","[0.6845637583892618, 0.9594594594594594, 1.0, 1.0, 1.0]","[0.087248322147651, 0.31756756756756754, 0.5374149659863946, 0.7328767123287672, 0.8551724137931035]",3.4,5,3.416316464237517,9,0.1367555856704712,0.007231533220537323,0.25
8450a9328083,"['gpt-4', 'low']","['model', 'semantic_distance']",812,131,94,62,5,5.030534351145038,161.6,26.2,23.0,0.21686964019904498,0.014806103424513065,"[0.0023008458839826884, 0.013704170783360808, 0.011471640315406761, 0.002135549866275871]","[0.7175572519083969, 0.9923076923076923, 1.0, 1.0, 1.0]","[0.09923664122137404, 0.3923076923076923, 0.7441860465116279, 0.9375, 0.9921259842519685]",2.0,3,3.4928792569659444,10,0.14633160702725675,0.00327589662557376,0.16666666666666666
c7f7f7cf95e8,"['gpt-4', 'low']","['model', 'semantic_distance']",905,159,110,77,5,4.591194968553459,180.2,31.8,27.6,0.21267646875026205,0.01214134044010147,"[0.008502956231435127, 0.003050191709172645, 0.00676623564607326, 0.0059632972935219075]","[0.6918238993710691, 0.9683544303797469, 1.0, 1.0, 1.0]","[0.07547169811320754, 0.3670886075949367, 0.6624203821656051, 0.8461538461538461, 0.9354838709677419]",4.2,9,4.0643768323180085,13,0.15043411229519135,0.011662239523139606,0.5
2a4eb7856622,"['gpt-4', 'low']","['model', 'semantic_distance']",803,150,96,64,5,4.253333333333333,159.8,30.0,25.2,0.21132898097118688,0.008463064596085812,"[0.008526873806894042, 0.004749416649996563, 0.0035867788034044112, 6.305993187660786e-05]","[0.64, 0.9731543624161074, 1.0, 1.0, 1.0]","[0.08, 0.3087248322147651, 0.6148648648648649, 0.8367346938775511, 0.9246575342465754]",4.2,5,3.8653341336534615,12,0.12928866959632712,0.014357215081289953,0.16666666666666666
286582c508a6,"['gpt-4', 'low']","['model', 'semantic_distance']",787,136,94,67,5,4.632352941176471,156.6,27.2,23.6,0.217429513523666,0.015218730747602827,"[0.00992462830535018, 0.011946991930437412, 0.004640329670120069, 0.003925511589297992]","[0.6911764705882353, 0.9629629629629629, 1.0, 1.0, 1.0]","[0.09558823529411764, 0.32592592592592595, 0.6194029850746269, 0.7894736842105263, 0.8863636363636364]",4.4,8,3.246129923793133,8,0.130089910740548,0.0021561499763317338,0.25
2109825717fa,"['gpt-4', 'low']","['model', 'semantic_distance']",789,137,88,61,5,4.642335766423358,157.0,27.4,23.8,0.21017943096291172,0.012309611120460223,"[0.011503496434953492, 0.005369498874201933, 0.005628419007981222, 0.002117807923783799]","[0.6423357664233577, 0.9485294117647058, 0.9925925925925926, 1.0, 1.0]","[0.08759124087591241, 0.3382352941176471, 0.6074074074074074, 0.8059701492537313, 0.924812030075188]",3.2,6,3.7347054784315623,13,0.1368370918517417,0.01665631509784027,0.3333333333333333
5e6cbf1a886b,"['gpt-4', 'low']","['model', 'semantic_distance']",889,151,98,66,5,4.754966887417218,177.0,30.2,25.6,0.21317718106827813,0.013039627969959694,"[0.008763207088817254, 0.005966683770671055, 0.009708399248845673, 0.0016409658315854059]","[0.6490066225165563, 0.9733333333333334, 1.0, 1.0, 1.0]","[0.08609271523178808, 0.32666666666666666, 0.6375838926174496, 0.8918918918918919, 0.9795918367346939]",4.4,8,3.610112848047972,10,0.13940512246273934,0.010660814887107462,0.16666666666666666
f5f61156dff4,"['gpt-4', 'low']","['model', 'semantic_distance']",806,142,94,66,5,4.570422535211268,160.4,28.4,23.0,0.21373675908797826,0.01706476299744754,"[0.0034553696639080533, 0.009153224832830376, 0.009451405736315005, 0.012069525761841643]","[0.6619718309859155, 0.9716312056737588, 1.0, 1.0, 1.0]","[0.09154929577464789, 0.3262411347517731, 0.5785714285714286, 0.7769784172661871, 0.927536231884058]",3.2,6,3.6002267944821136,11,0.1282768300239076,0.00954165884770719,0.25
f780f6dfb532,"['gpt-4', 'low']","['model', 'semantic_distance']",932,168,110,81,5,4.4226190476190474,185.6,33.6,27.2,0.21697047847656556,0.009609245760871563,"[0.007192801299437973, 0.00670736793315771, 0.003303442801628892, 0.0020148794875185505]","[0.6547619047619048, 0.9461077844311377, 1.0, 1.0, 1.0]","[0.07738095238095238, 0.2634730538922156, 0.5120481927710844, 0.7515151515151515, 0.8841463414634146]",3.8,5,4.187409312263963,12,0.14145335238030615,0.003074220070532596,0.25
28a4d61c0d3d,"['gpt-4', 'low']","['model', 'semantic_distance']",917,155,100,68,5,4.754838709677419,182.6,31.0,25.6,0.21290749280048735,0.008048193037278745,"[0.008899299871353877, 0.0022468632509728415, 0.00310221083608328, 0.0018480121161474905]","[0.6451612903225806, 0.935064935064935, 1.0, 1.0, 1.0]","[0.08387096774193549, 0.35064935064935066, 0.6601307189542484, 0.868421052631579, 0.9735099337748344]",3.4,6,3.6232261782284754,12,0.15286392734405843,0.011200191422689021,0.16666666666666666
875e3504a421,"['gpt-4', 'low']","['model', 'semantic_distance']",980,158,107,78,5,5.050632911392405,195.2,31.6,26.8,0.2149488423770164,0.011067516910456585,"[0.009137492159228322, 0.005478568228728914, 0.0013184482780910778, 0.0062005251548648554]","[0.6772151898734177, 0.9745222929936306, 1.0, 1.0, 1.0]","[0.0759493670886076, 0.3375796178343949, 0.6474358974358975, 0.8258064516129032, 0.9285714285714286]",4.4,7,3.5542202909872085,9,0.1353553444781202,0.007117492269630932,0.25
f9bea88e9e37,"['gpt-4', 'low']","['model', 'semantic_distance']",847,142,101,63,5,4.816901408450704,168.6,28.4,25.0,0.21113168793461962,0.007467386280985255,"[0.006590913958621741, 0.0027691120902697264, 0.0024735859796112813, 0.0031011605334677617]","[0.7112676056338029, 0.9858156028368794, 1.0, 1.0, 1.0]","[0.07746478873239436, 0.3262411347517731, 0.6285714285714286, 0.8201438848920863, 0.9637681159420289]",2.8,6,3.376729274865921,10,0.13314264505467516,0.014751801154424482,0.3333333333333333
8a6f736f692c,"['gpt-4', 'low']","['model', 'semantic_distance']",822,144,101,72,5,4.597222222222222,163.6,28.8,25.4,0.21620743956084543,0.015083777164322076,"[0.009977950964098647, 0.015054423240275144, 0.0037590296439874993, 0.0013761504802828617]","[0.7013888888888888, 0.972027972027972, 1.0, 1.0, 1.0]","[0.09027777777777778, 0.3356643356643357, 0.6549295774647887, 0.8368794326241135, 0.9642857142857143]",3.0,6,3.792281528517467,11,0.13452514308564206,0.004600297901972861,0.25
4f4a6498c416,"['gpt-4', 'low']","['model', 'semantic_distance']",751,127,92,60,5,4.811023622047244,149.4,25.4,22.0,0.21339188598643588,0.006521408466631143,"[0.002200859905493374, 0.002875255074417382, 0.001017446812006606, 0.006949255141344923]","[0.7244094488188977, 0.9841269841269841, 1.0, 1.0, 1.0]","[0.10236220472440945, 0.38095238095238093, 0.712, 0.9112903225806451, 0.991869918699187]",3.4,5,3.350255228181058,11,0.14078710307466222,0.010231405050791953,0.3333333333333333
89cf564981c3,"['gpt-4', 'low']","['model', 'semantic_distance']",950,175,111,69,5,4.3028571428571425,189.2,35.0,28.4,0.21318839369730774,0.013922421512295224,"[0.005022082158497421, 0.006026402541569331, 0.0035715425771380427, 0.013224815747385654]","[0.6342857142857142, 0.9482758620689655, 0.9942196531791907, 1.0, 1.0]","[0.07428571428571429, 0.3218390804597701, 0.5838150289017341, 0.7906976744186046, 0.9064327485380117]",4.4,7,3.8830407891948133,13,0.145394799557138,0.010638389629048228,0.3333333333333333
e61912e10caa,"['gpt-4', 'low']","['model', 'semantic_distance']",784,137,95,66,5,4.591240875912408,156.0,27.4,24.2,0.21671245817815785,0.015766039774531393,"[0.001222572855023668, 0.00745507819311958, 0.015829802782107605, 0.007024625718811933]","[0.6934306569343066, 0.9705882352941176, 1.0, 1.0, 1.0]","[0.08759124087591241, 0.3014705882352941, 0.5555555555555556, 0.7761194029850746, 0.9022556390977443]",2.6,5,3.388032365414419,11,0.1301032317445633,0.003590260667348022,0.16666666666666666
f693e0c3bf14,"['gpt-4', 'low']","['model', 'semantic_distance']",880,147,98,67,5,4.863945578231292,175.2,29.4,24.6,0.21109216189503077,0.011206880558943033,"[0.004807939453131155, 0.0057190150895834735, 0.005240264316618226, 0.006646542258553212]","[0.6666666666666666, 0.958904109589041, 1.0, 1.0, 1.0]","[0.08163265306122448, 0.3150684931506849, 0.6, 0.8402777777777778, 0.9440559440559441]",2.8,4,4.249913667504363,15,0.13492371807707118,0.01483085323360217,0.16666666666666666
2e79f1b6eb4d,"['gpt-4', 'low']","['model', 'semantic_distance']",829,139,97,70,5,4.83453237410072,165.0,27.8,23.6,0.21588040311390816,0.014079186048277792,"[0.009799471526315828, 0.010438794661790901, 0.0019911918805275153, 0.005928914027921339]","[0.697841726618705, 0.9710144927536232, 1.0, 1.0, 1.0]","[0.09352517985611511, 0.3333333333333333, 0.6204379562043796, 0.8088235294117647, 0.9111111111111111]",3.0,7,3.876376955486819,13,0.13337477344147702,0.005254370795847396,0.25
a131b17d303f,"['gpt-4', 'low']","['model', 'semantic_distance']",808,135,100,70,5,4.859259259259259,160.8,27.0,23.6,0.21423566440124195,0.009188609878765852,"[0.0020221957194259954, 0.004523662360485264, 0.004635561735202104, 0.0071957999424183405]","[0.7407407407407407, 0.9850746268656716, 1.0, 1.0, 1.0]","[0.08888888888888889, 0.39552238805970147, 0.7443609022556391, 0.9090909090909091, 0.9847328244274809]",3.6,6,3.17474725005362,8,0.12535613394798117,0.008543848221179817,0.16666666666666666
c3587368ee3a,"['gpt-4', 'low']","['model', 'semantic_distance']",1051,179,112,84,5,4.731843575418995,209.4,35.8,29.4,0.21651059281395144,0.00985262202475573,"[0.008073282862141096, 0.008990478941158397, 0.0025104854069743776, 0.00013099683923759042]","[0.6256983240223464, 0.949438202247191, 1.0, 1.0, 1.0]","[0.0670391061452514, 0.2640449438202247, 0.5310734463276836, 0.7215909090909091, 0.8685714285714285]",5.2,9,3.7630253936356075,11,0.12533700466156006,0.003993991395760843,0.25
646e71fb5f6c,"['gpt-4', 'low']","['model', 'semantic_distance']",844,144,104,65,5,4.75,168.0,28.8,25.2,0.21625313498079776,0.010328557767449717,"[0.0028065687495898717, 0.004615192514619032, 0.0008266512191656972, 0.012408703051524833]","[0.7222222222222222, 0.972027972027972, 0.9929577464788732, 1.0, 1.0]","[0.08333333333333333, 0.3356643356643357, 0.6408450704225352, 0.8226950354609929, 0.9357142857142857]",3.8,7,3.0825880451341483,9,0.1397595075850791,0.00450890706206819,0.16666666666666666
050c4e9f54c2,"['gpt-4', 'low']","['model', 'semantic_distance']",947,167,105,71,5,4.562874251497006,188.6,33.4,28.2,0.2154260720765327,0.019508924261487037,"[0.008528275716872452, 0.004314062370097127, 0.012709270947078216, 0.01346623948892628]","[0.6287425149700598, 0.9457831325301205, 0.9818181818181818, 0.9939024390243902, 1.0]","[0.0718562874251497, 0.25301204819277107, 0.5393939393939394, 0.7682926829268293, 0.9079754601226994]",4.6,7,4.176548448163384,13,0.12362404452993515,0.006163032870598328,0.25
05b50a521f48,"['gpt-4', 'low']","['model', 'semantic_distance']",722,119,88,58,5,4.915966386554622,143.6,23.8,21.2,0.2120941037924017,0.007680746792873616,"[0.003768218235642301, 0.0026031256097705513, 0.006387729729924879, 0.0026024200104095008]","[0.7394957983193278, 0.9576271186440678, 1.0, 1.0, 1.0]","[0.1092436974789916, 0.4067796610169492, 0.6581196581196581, 0.8620689655172413, 0.9739130434782609]",3.2,5,3.6717479359066223,12,0.13956989252820928,0.012826969438860303,0.16666666666666666
51216fc540d4,"['gpt-4', 'low']","['model', 'semantic_distance']",877,149,98,73,5,4.751677852348993,174.6,29.8,23.8,0.21668107451550675,0.014836852106393558,"[0.01291806151469549, 0.012740389389150286, 0.0014061459014061695, 0.0026091074075351717]","[0.6577181208053692, 0.9391891891891891, 1.0, 1.0, 1.0]","[0.08053691275167785, 0.25675675675675674, 0.4557823129251701, 0.6506849315068494, 0.7931034482758621]",3.4,6,4.137798516348953,12,0.13990442930383884,0.003653027992650215,0.16666666666666666
56d0d36300da,"['gpt-4', 'low']","['model', 'semantic_distance']",905,154,95,64,5,4.753246753246753,180.2,30.8,26.2,0.2128030320126859,0.013180128220236773,"[0.0033070768301303455, 0.006469824910163874, 0.0017281356311979745, 0.014855219068981351]","[0.6168831168831169, 0.954248366013072, 1.0, 1.0, 1.0]","[0.07792207792207792, 0.32679738562091504, 0.618421052631579, 0.847682119205298, 0.9533333333333334]",4.4,7,3.3886057692307694,8,0.15521374408234942,0.011409112998291893,0.3333333333333333
3d0a7a96c450,"['gpt-4', 'low']","['model', 'semantic_distance']",903,158,107,74,5,4.563291139240507,179.8,31.6,27.4,0.21428501407378958,0.014738193771833288,"[0.01489370030626641, 0.007310980285694407, 0.0028047279692163807, 0.004466978982489378]","[0.6772151898734177, 0.9681528662420382, 1.0, 1.0, 1.0]","[0.0759493670886076, 0.3184713375796178, 0.5897435897435898, 0.8064516129032258, 0.948051948051948]",3.6,6,3.6422290419087155,9,0.1514433888678855,0.008445148876084552,1.0
5d78aee26db9,"['gpt-4', 'low']","['model', 'semantic_distance']",960,170,108,78,5,4.529411764705882,191.2,34.0,27.8,0.21513322306362104,0.016545233717239483,"[0.010288243453740048, 0.0016223201898633577, 0.008216385811389448, 0.012963517979486111]","[0.6352941176470588, 0.9526627218934911, 1.0, 1.0, 1.0]","[0.07058823529411765, 0.28402366863905326, 0.5595238095238095, 0.7664670658682635, 0.8855421686746988]",4.6,7,3.9581573840844304,11,0.15034424497726115,0.00674873089642164,0.16666666666666666
626cb179acfe,"['gpt-4', 'low']","['model', 'semantic_distance']",927,159,109,73,5,4.6918238993710695,184.6,31.8,27.8,0.21818804677400053,0.007072693191347915,"[0.004965943964867797, 0.004727245583420692, 0.003169065430050799, 0.0012831314043565412]","[0.6855345911949685, 0.9556962025316456, 0.9936305732484076, 1.0, 1.0]","[0.07547169811320754, 0.379746835443038, 0.7006369426751592, 0.8974358974358975, 0.9741935483870968]",4.0,6,3.7017831854964207,12,0.13119373296169526,0.0006390834756626607,0.25
8bbe0ce565d7,"['gpt-4', 'high']","['model', 'semantic_distance']",802,141,90,60,5,4.581560283687943,159.6,28.2,24.0,0.212658891368047,0.014666816470149016,"[0.007979493831103524, 0.009855022884550535, 0.004071804919800193, 0.007427311304843781]","[0.6382978723404256, 0.9571428571428572, 1.0, 1.0, 1.0]","[0.07092198581560284, 0.2571428571428571, 0.4892086330935252, 0.717391304347826, 0.8686131386861314]",3.6,5,3.673930183417105,12,0.12056979600419389,0.010585726415548058,0.16666666666666666
24b3528366a3,"['gpt-4', 'high']","['model', 'semantic_distance']",985,180,111,84,5,4.383333333333334,196.2,36.0,30.0,0.21629071141616135,0.01077774090534954,"[0.013037430793284621, 0.0054892116036766025, 0.0003155758771946904, 0.0027132635365431645]","[0.6166666666666667, 0.9441340782122905, 0.9887640449438202, 1.0, 1.0]","[0.06666666666666667, 0.2849162011173184, 0.5617977528089888, 0.7627118644067796, 0.8920454545454546]",4.4,7,4.03025946481938,12,0.1310221311893869,0.0033220863193193506,0.16666666666666666
d14f06213d00,"['gpt-4', 'high']","['model', 'semantic_distance']",811,140,90,62,5,4.664285714285715,161.4,28.0,23.4,0.2133389069629308,0.006663138372906607,"[0.0002397847721000157, 0.003682533084836792, 0.005689774606472409, 0.0037141842824039983]","[0.6428571428571429, 0.9856115107913669, 1.0, 1.0, 1.0]","[0.07857142857142857, 0.3237410071942446, 0.6231884057971014, 0.8467153284671532, 0.9411764705882353]",4.6,8,3.8177725753197453,10,0.13755454027906378,0.009225695225780428,0.5
d27cf06d4c22,"['gpt-4', 'high']","['model', 'semantic_distance']",811,143,93,67,5,4.545454545454546,161.4,28.6,24.2,0.21403374511804155,0.00889514351174947,"[0.011755523866131212, 0.0008599806017491607, 0.0005718296045785498, 0.004602952951040018]","[0.6503496503496503, 0.9647887323943662, 0.9929078014184397, 1.0, 1.0]","[0.08391608391608392, 0.3380281690140845, 0.6595744680851063, 0.8357142857142857, 0.9280575539568345]",4.4,6,3.486106638009545,10,0.12084592783704717,0.007836018915558962,0.16666666666666666
3a110a749b73,"['gpt-4', 'high']","['model', 'semantic_distance']",890,159,103,72,5,4.471698113207547,177.2,31.8,26.2,0.21645277090289036,0.0045393198221091585,"[0.004232471553902883, 0.002515936465490448, 0.00032197478271664415, 0.0020082568421083413]","[0.6477987421383647, 0.9493670886075949, 0.9936305732484076, 1.0, 1.0]","[0.07547169811320754, 0.34177215189873417, 0.643312101910828, 0.8461538461538461, 0.9290322580645162]",5.6,9,3.531516806722689,11,0.12200293135135731,0.00299796734586133,0.25
cb1cddaa6a22,"['gpt-4', 'high']","['model', 'semantic_distance']",744,123,91,64,5,4.91869918699187,148.0,24.6,22.4,0.21157788579899167,0.007900103470146205,"[0.004037182846348797, 0.001979574595853739, 0.0014264203491426986, 0.008357029148947176]","[0.7398373983739838, 0.9836065573770492, 1.0, 1.0, 1.0]","[0.0975609756097561, 0.3360655737704918, 0.6363636363636364, 0.8583333333333333, 0.9663865546218487]",3.0,4,3.3476489024759704,8,0.11987122703105846,0.012747737553658711,0.125
3ab6b8ca8073,"['gpt-4', 'high']","['model', 'semantic_distance']",847,143,96,68,5,4.811188811188811,168.6,28.6,24.8,0.21747794001640408,0.008953447710900078,"[0.0037456946495251775, 0.001364954880305691, 0.002077656864246602, 0.010718589027722686]","[0.6713286713286714, 0.9507042253521126, 1.0, 1.0, 1.0]","[0.09090909090909091, 0.30985915492957744, 0.5886524822695035, 0.7928571428571428, 0.8992805755395683]",3.6,5,4.016277917770455,11,0.13263420855745356,0.0009476291188338926,0.14285714285714285
7e8a6a06994c,"['gpt-4', 'high']","['model', 'semantic_distance']",855,153,99,64,5,4.496732026143791,170.2,30.6,26.0,0.21457505915018302,0.009915146334240121,"[0.005083351548201109, 0.00651859514806441, 0.004616987309343373, 0.00361135866287135]","[0.6470588235294118, 0.9539473684210527, 1.0, 1.0, 1.0]","[0.0718954248366013, 0.3157894736842105, 0.5629139072847682, 0.78, 0.912751677852349]",4.4,8,3.483358793576185,11,0.11208095195445608,0.00675339085127602,0.125
eefc04d28abe,"['gpt-4', 'high']","['model', 'semantic_distance']",843,134,99,69,5,5.126865671641791,167.8,26.8,23.8,0.21493287533140548,0.005009521736179787,"[0.0016777072759235623, 0.0007855974094212459, 0.0018289393278463628, 0.005726799459168402]","[0.7388059701492538, 0.9849624060150376, 1.0, 1.0, 1.0]","[0.09701492537313433, 0.41353383458646614, 0.7045454545454546, 0.9007633587786259, 0.9769230769230769]",4.4,6,3.488723723723724,10,0.134221576629801,0.006037758488831091,0.25
98eada92d1c2,"['gpt-4', 'high']","['model', 'semantic_distance']",844,141,93,70,5,4.886524822695035,168.0,28.2,24.4,0.21190911134084064,0.010580557051454456,"[0.0017003737963162957, 0.002670121995302338, 0.0023427143108610826, 0.014447904000429196]","[0.6595744680851063, 0.9785714285714285, 0.9928057553956835, 1.0, 1.0]","[0.09219858156028368, 0.3, 0.5755395683453237, 0.8333333333333334, 0.9635036496350365]",4.2,8,3.817115941913743,11,0.11175125583689263,0.012085286469960765,0.125
09b2acd56af7,"['gpt-4', 'high']","['model', 'semantic_distance']",906,150,98,75,5,4.926666666666667,180.4,30.0,24.8,0.2171101535977544,0.008157964459567818,"[0.0014943074164235348, 0.004200026726856293, 0.002613869543169056, 0.008007725232686752]","[0.6533333333333333, 0.9798657718120806, 1.0, 1.0, 1.0]","[0.07333333333333333, 0.31543624161073824, 0.6283783783783784, 0.8095238095238095, 0.9657534246575342]",4.4,7,4.267370751273902,15,0.108607531862056,0.0016832019561332512,0.25
1a4727903bc1,"['gpt-4', 'high']","['model', 'semantic_distance']",830,145,98,61,5,4.606896551724138,165.2,29.0,26.2,0.2123975304632239,0.016430965935645372,"[0.017669743146651845, 0.004238580472288089, 0.006844015776762469, 0.004109592475588342]","[0.6758620689655173, 0.9861111111111112, 1.0, 1.0, 1.0]","[0.07586206896551724, 0.2986111111111111, 0.5804195804195804, 0.8309859154929577, 0.950354609929078]",4.8,7,3.9641082082172763,11,0.11749688361553436,0.011108448225194245,0.125
b4bbd2ded76b,"['gpt-4', 'high']","['model', 'semantic_distance']",836,147,97,62,5,4.551020408163265,166.4,29.4,24.6,0.21636668287339758,0.011566388917321258,"[0.00617730057600771, 0.00783197054959306, 0.005738947126600474, 0.003384559582441271]","[0.6598639455782312, 0.9452054794520548, 0.993103448275862, 1.0, 1.0]","[0.08163265306122448, 0.3150684931506849, 0.5586206896551724, 0.7569444444444444, 0.9020979020979021]",3.2,6,3.4078597134070536,9,0.1283974989931634,0.0031701434048468924,0.14285714285714285
860d7ca78978,"['gpt-4', 'high']","['model', 'semantic_distance']",814,143,96,68,5,4.559440559440559,162.0,28.6,25.4,0.21602477432867223,0.0067301816337711345,"[0.0037979585128826154, 0.005042788419094724, 0.004063079099515421, 0.0005565372360495091]","[0.6713286713286714, 0.9859154929577465, 1.0, 1.0, 1.0]","[0.08391608391608392, 0.33098591549295775, 0.574468085106383, 0.8071428571428572, 0.935251798561151]",4.0,6,3.1687567643544874,10,0.12041251583302275,0.0038539604942975925,0.125
b28f18e3e485,"['gpt-4', 'high']","['model', 'semantic_distance']",740,128,89,60,5,4.6640625,147.2,25.6,22.8,0.21389119732851364,0.016638109322879624,"[0.007345799197498559, 0.0131064436501927, 0.00936691133361875, 0.0034570644644492388]","[0.6953125, 0.984251968503937, 1.0, 1.0, 1.0]","[0.09375, 0.28346456692913385, 0.5476190476190477, 0.736, 0.8709677419354839]",2.8,5,3.952701078074476,11,0.126654344670316,0.008121114494614778,0.2
bfd311904112,"['gpt-4', 'high']","['model', 'semantic_distance']",720,122,81,63,5,4.778688524590164,143.2,24.4,20.8,0.21593307478270407,0.008082659508030249,"[0.0009869270464953062, 0.005102367202440894, 0.004982275764147448, 0.0050937490029768495]","[0.6639344262295082, 0.9752066115702479, 1.0, 1.0, 1.0]","[0.09836065573770492, 0.32231404958677684, 0.575, 0.7899159663865546, 0.8983050847457628]",2.8,5,3.408101354663711,9,0.12286777952884106,0.004037359586233913,0.2
28459521febf,"['gpt-4', 'high']","['model', 'semantic_distance']",860,143,104,72,5,4.846153846153846,171.2,28.6,25.4,0.21436248239310507,0.005541041678998063,"[0.007616324766968413, 0.0004543925756388678, 0.0023573534829275933, 0.0006540125324612511]","[0.7272727272727273, 0.9859154929577465, 1.0, 1.0, 1.0]","[0.08391608391608392, 0.3732394366197183, 0.6737588652482269, 0.8928571428571429, 0.9856115107913669]",4.0,7,3.4195421249018065,8,0.13822555541992188,0.007178544365431916,0.25
50f929c49d66,"['gpt-4', 'high']","['model', 'semantic_distance']",990,167,116,84,5,4.802395209580839,197.4,33.4,27.6,0.21415345226288937,0.013362730626847827,"[0.0020768671017400986, 0.003915073005223063, 0.008247440321403648, 0.012486080825328844]","[0.6946107784431138, 0.9759036144578314, 1.0, 1.0, 1.0]","[0.07784431137724551, 0.25301204819277107, 0.49696969696969695, 0.7195121951219512, 0.8650306748466258]",4.2,6,4.12981049736968,12,0.11718811760557458,0.007596604625863312,0.125
ef601de730e9,"['gpt-4', 'high']","['model', 'semantic_distance']",890,152,104,77,5,4.7368421052631575,177.2,30.4,25.4,0.21455573169890121,0.004497367673300223,"[0.0004389986673032087, 0.004438802258044938, 0.0016249824772801291, 0.0024919519439721705]","[0.6842105263157895, 0.9602649006622517, 1.0, 1.0, 1.0]","[0.07894736842105263, 0.2582781456953642, 0.5, 0.7315436241610739, 0.8986486486486487]",3.2,7,3.8490274752569835,11,0.12277466566004652,0.006792045753839626,0.2
9f48f6fed678,"['gpt-4', 'high']","['model', 'semantic_distance']",891,154,101,72,5,4.701298701298701,177.4,30.8,25.6,0.21560362564379434,0.013419916274166901,"[0.011129766744391922, 0.009667005316883887, 0.004878468039322986, 0.0011645924477350078]","[0.6558441558441559, 0.9411764705882353, 0.993421052631579, 1.0, 1.0]","[0.07792207792207792, 0.3202614379084967, 0.5986842105263158, 0.7814569536423841, 0.9066666666666666]",5.0,11,3.8574504617722702,11,0.12796049041950958,0.004696257864053366,0.3333333333333333
88a660249df5,"['gpt-4', 'high']","['model', 'semantic_distance']",712,125,91,52,5,4.584,141.6,25.0,23.0,0.2162681110484208,0.018039707220219955,"[0.00063763516289847, 0.011235485138831214, 0.017860962044109002, 0.006345332094601225]","[0.728, 0.9919354838709677, 1.0, 1.0, 1.0]","[0.104, 0.4274193548387097, 0.7479674796747967, 0.8934426229508197, 0.9669421487603306]",3.2,5,3.459502518600425,12,0.14731131715977447,0.0033672870548004386,0.25
4b9e0e21ebc1,"['gpt-4', 'high']","['model', 'semantic_distance']",907,155,103,70,5,4.716129032258064,180.6,31.0,26.2,0.2186637508449594,0.012682444037114118,"[0.011757981251267813, 0.002712338968040101, 0.00038012630409664516, 0.010514441550823678]","[0.6645161290322581, 0.9545454545454546, 0.9934640522875817, 1.0, 1.0]","[0.07741935483870968, 0.33116883116883117, 0.6405228758169934, 0.868421052631579, 0.9668874172185431]",4.2,7,3.550255779336744,10,0.12229110332245523,0.0014239925382767415,0.14285714285714285
88390bac4df3,"['gpt-4', 'high']","['model', 'semantic_distance']",731,125,89,59,5,4.736,145.4,25.0,21.4,0.21420365484885345,0.012707132636303242,"[0.001690430125910719, 0.00504391337886001, 0.011607425531955678, 0.007072496235880077]","[0.712, 0.967741935483871, 1.0, 1.0, 1.0]","[0.096, 0.3387096774193548, 0.5609756097560976, 0.7131147540983607, 0.8099173553719008]",2.0,3,3.3417693732429194,8,0.11579948917348334,0.007496199453935148,0.2
253fc2c4027c,"['gpt-4', 'high']","['model', 'semantic_distance']",768,139,88,57,5,4.410071942446043,152.8,27.8,23.4,0.2127866711756938,0.006514058811685736,"[0.005566094790687093, 0.002267712680231626, 0.0025987788742663775, 0.002595531278186375]","[0.6330935251798561, 0.9565217391304348, 0.9927007299270073, 1.0, 1.0]","[0.08633093525179857, 0.34782608695652173, 0.6423357664233577, 0.8308823529411765, 0.9333333333333333]",4.8,8,3.6898419069230552,11,0.12227767198643785,0.010330166800254448,0.25
fdf6181d2b79,"['gpt-4', 'high']","['model', 'semantic_distance']",918,158,104,63,5,4.6835443037974684,182.8,31.6,26.8,0.21420608595952095,0.013348264647644131,"[0.00132563205694472, 0.013682878573452212, 0.011321416039725668, 0.0003666026251656629]","[0.6582278481012658, 0.9617834394904459, 1.0, 1.0, 1.0]","[0.0759493670886076, 0.2802547770700637, 0.532051282051282, 0.7548387096774194, 0.9155844155844156]",4.6,6,3.7762082759525217,12,0.12159545497691378,0.007491337232600148,0.125
428d7fddd7b9,"['gpt-4', 'high']","['model', 'semantic_distance']",820,139,95,67,5,4.762589928057554,163.2,27.8,23.6,0.21606032560444266,0.017953797830435422,"[0.005351957746970115, 0.012016480252256961, 0.012006839900424865, 0.006532317761218903]","[0.6834532374100719, 0.9710144927536232, 1.0, 1.0, 1.0]","[0.08633093525179857, 0.2971014492753623, 0.5328467153284672, 0.7426470588235294, 0.8888888888888888]",2.6,4,3.234992784992785,8,0.13159276957207539,0.0037828579427567344,0.14285714285714285
43eb3f18d825,"['gpt-4', 'high']","['model', 'semantic_distance']",918,156,97,70,5,4.737179487179487,182.8,31.2,24.8,0.2160747914580825,0.008968154410839091,"[0.002182425851112807, 0.005649707081553684, 0.0012661606837541528, 0.008838015205257538]","[0.6217948717948718, 0.9225806451612903, 1.0, 1.0, 1.0]","[0.07692307692307693, 0.25806451612903225, 0.5064935064935064, 0.7189542483660131, 0.8618421052631579]",3.6,7,3.3186299081035924,9,0.12141470833027616,0.0037539262354770453,0.14285714285714285
8601c1c66d35,"['gpt-4', 'high']","['model', 'semantic_distance']",832,139,97,71,5,4.848920863309353,165.6,27.8,24.0,0.2155481503283234,0.011148392409845151,"[0.010392302132788162, 0.00640988800770198, 0.002021366274440217, 0.0034732284047599427]","[0.697841726618705, 0.9710144927536232, 1.0, 1.0, 1.0]","[0.09352517985611511, 0.34782608695652173, 0.6715328467153284, 0.8382352941176471, 0.9555555555555556]",3.4,5,3.827087360726705,10,0.11793915388431955,0.004807208494995274,0.3333333333333333
08aae170d7a8,"['gpt-4', 'high']","['model', 'semantic_distance']",926,157,108,79,5,4.7834394904458595,184.4,31.4,26.8,0.21639539175163575,0.007286066537589023,"[0.0035544805072368346, 0.0022270856579684195, 0.0012664151789555933, 0.007524151731017198]","[0.6878980891719745, 0.9807692307692307, 1.0, 1.0, 1.0]","[0.08280254777070063, 0.2948717948717949, 0.567741935483871, 0.7727272727272727, 0.9084967320261438]",3.8,8,3.8288329374702843,11,0.13201255240338913,0.0031127256483705623,0.14285714285714285
88a56c07e9e6,"['gpt-4', 'high']","['model', 'semantic_distance']",731,125,88,61,5,4.712,145.4,25.0,21.4,0.21264731848174756,0.018048894657191145,"[0.01374043700369923, 0.011229881151017057, 0.00987702983242647, 0.001250441327239532]","[0.704, 0.967741935483871, 0.991869918699187, 1.0, 1.0]","[0.104, 0.3548387096774194, 0.5934959349593496, 0.7704918032786885, 0.8842975206611571]",3.0,5,3.502766732358963,13,0.14488069427774308,0.010608872188146934,0.16666666666666666
87f678d20182,"['gpt-4', 'high']","['model', 'semantic_distance']",842,144,96,65,5,4.715277777777778,167.6,28.8,24.2,0.21664948486364805,0.005290738079044566,"[1.735127333438169e-05, 0.0017612982428434898, 0.005140589483273311, 0.0036622371586379487]","[0.6666666666666666, 0.965034965034965, 1.0, 1.0, 1.0]","[0.08333333333333333, 0.34965034965034963, 0.6197183098591549, 0.8014184397163121, 0.9285714285714286]",4.2,8,4.016888438225921,11,0.13871116841093023,0.002604539424345964,1.0
8a7ab980a264,"['gpt-4', 'high']","['model', 'semantic_distance']",957,171,107,76,5,4.497076023391813,190.6,34.2,27.4,0.21772006195888186,0.006268689842242214,"[0.004079410091501673, 0.0016001300378279404, 5.661665080369804e-05, 0.006801222904351117]","[0.6257309941520468, 0.9470588235294117, 1.0, 1.0, 1.0]","[0.07017543859649122, 0.3176470588235294, 0.6568047337278107, 0.8809523809523809, 0.9640718562874252]",4.6,6,3.5966374297285526,10,0.13119501636383382,0.00046338523387834396,0.25
5f15b3bac465,"['gpt-4', 'high']","['model', 'semantic_distance']",808,140,96,65,5,4.635714285714286,160.8,28.0,23.8,0.21607382157101082,0.01833094642126995,"[0.006835753959177182, 0.007057572568292592, 0.014681469062309133, 0.008087097252760994]","[0.6857142857142857, 0.9784172661870504, 1.0, 1.0, 1.0]","[0.09285714285714286, 0.35251798561151076, 0.6739130434782609, 0.8759124087591241, 0.9632352941176471]",3.8,6,3.7864597601956094,12,0.14027806926280895,0.003755866009620412,0.3333333333333333
18b653a3a104,"['gpt-4', 'high']","['model', 'semantic_distance']",824,144,99,65,5,4.604166666666667,164.0,28.8,25.0,0.21513110399246216,0.007444078112259875,"[0.0011701422242017812, 0.005953427655991411, 0.005216875554242606, 0.0025477107900839513]","[0.6875, 0.965034965034965, 1.0, 1.0, 1.0]","[0.0763888888888889, 0.32167832167832167, 0.6197183098591549, 0.8439716312056738, 0.9642857142857143]",4.6,7,3.5100734146303765,10,0.11514923420358211,0.005641301166717738,0.125
51c494c9316d,"['gpt-4', 'high']","['model', 'semantic_distance']",813,138,88,63,5,4.746376811594203,161.8,27.6,22.0,0.21485585673186208,0.004728508465019349,"[0.0013428488057174726, 0.0009685831192212391, 0.004043123966608303, 0.003102461038491683]","[0.6376811594202898, 0.9781021897810219, 1.0, 1.0, 1.0]","[0.08695652173913043, 0.31386861313868614, 0.5294117647058824, 0.7703703703703704, 0.917910447761194]",3.6,7,3.135226527858107,10,0.12298450951880598,0.006191795687917889,0.125
e063211acc2a,"['gpt-4', 'high']","['model', 'semantic_distance']",934,163,106,72,5,4.6503067484662575,186.0,32.6,28.2,0.21356605240530066,0.0017898578442460539,"[0.0006129275224789899, 3.6806932517452484e-05, 0.0009059669587003216, 0.002024014274795344]","[0.6503067484662577, 0.9444444444444444, 0.9875776397515528, 1.0, 1.0]","[0.06748466257668712, 0.2716049382716049, 0.515527950310559, 0.7125, 0.8679245283018868]",3.6,5,4.245556522110646,13,0.12134434060847506,0.008771404341040734,0.125
9924d1989757,"['gpt-4', 'high']","['model', 'semantic_distance']",886,153,107,76,5,4.686274509803922,176.4,30.6,27.4,0.2127374239762624,0.007935479599914266,"[0.003360073054255508, 0.004161684352810641, 0.005328392363213863, 0.003020809429548521]","[0.6993464052287581, 0.9671052631578947, 1.0, 1.0, 1.0]","[0.0718954248366013, 0.3092105263157895, 0.609271523178808, 0.8133333333333334, 0.9261744966442953]",3.6,5,3.4679957469431155,10,0.11900085337618564,0.010428661199117228,0.16666666666666666
a7c413ad3f03,"['gpt-4', 'high']","['model', 'semantic_distance']",807,136,95,65,5,4.8161764705882355,160.6,27.2,24.2,0.21143554067955567,0.011121183970934687,"[0.006712644389181427, 0.0030441323777178897, 0.005120910895176439, 0.007364680279793617]","[0.6985294117647058, 0.9629629629629629, 1.0, 1.0, 1.0]","[0.08823529411764706, 0.3333333333333333, 0.6119402985074627, 0.849624060150376, 0.9696969696969697]",3.0,8,3.476195943290323,8,0.14616653132945934,0.01303242779253072,0.25
27b3fe195559,"['gpt-4', 'high']","['model', 'semantic_distance']",647,109,78,54,5,4.7889908256880735,128.6,21.8,19.8,0.2106446858721959,0.019923431149650103,"[0.005421631625204398, 0.00900587535867789, 0.007962558606658315, 0.017456796708759603]","[0.7155963302752294, 0.9722222222222222, 1.0, 1.0, 1.0]","[0.11009174311926606, 0.37962962962962965, 0.6728971962616822, 0.8962264150943396, 0.9809523809523809]",2.2,3,3.338996138996139,11,0.12480858031739579,0.01461413740725026,0.2
e2455918cf0f,"['gpt-4', 'high']","['model', 'semantic_distance']",907,158,110,70,5,4.620253164556962,180.6,31.6,27.0,0.21441526943605632,0.021639129411941904,"[0.007440084057371399, 0.01342283862965954, 0.013709876672688859, 0.008705459464164012]","[0.6962025316455697, 0.9681528662420382, 1.0, 1.0, 1.0]","[0.0759493670886076, 0.29936305732484075, 0.5897435897435898, 0.7935483870967742, 0.9155844155844156]",4.8,6,3.6904516311122615,12,0.12325197458267212,0.007072970279529411,0.125
00c6549a4cbf,"['gpt-4', 'high']","['model', 'semantic_distance']",951,161,111,75,5,4.813664596273292,189.4,32.2,27.8,0.21453529403016375,0.007903772892751099,"[0.003940316679931832, 0.0021298018376729733, 0.003872472050487047, 0.005864955217410345]","[0.6894409937888198, 0.975, 1.0, 1.0, 1.0]","[0.07453416149068323, 0.3375, 0.6163522012578616, 0.8291139240506329, 0.9617834394904459]",3.8,5,4.056698324518356,13,0.13622444614450982,0.006832921091314559,0.5
6859b5d436de,"['gpt-4', 'high']","['model', 'semantic_distance']",835,145,97,59,5,4.655172413793103,166.2,29.0,26.0,0.21432490560619682,0.007554102347883979,"[0.004964049700852291, 0.0037275652090708322, 0.0020022552746992717, 0.004414334511145562]","[0.6689655172413793, 0.9861111111111112, 1.0, 1.0, 1.0]","[0.07586206896551724, 0.2708333333333333, 0.6153846153846154, 0.823943661971831, 0.9432624113475178]",5.0,7,3.5172703839370505,11,0.11740181547530154,0.007253697939248405,0.125
2b02fd80111f,"['gpt-4', 'high']","['model', 'semantic_distance']",837,151,97,69,5,4.437086092715232,166.6,30.2,25.6,0.21571632515947126,0.013537753801875677,"[0.011373553591084773, 0.011768663577642446, 0.0016545858703741756, 0.002278704564649958]","[0.6423841059602649, 0.96, 1.0, 1.0, 1.0]","[0.0728476821192053, 0.3, 0.6040268456375839, 0.8108108108108109, 0.9319727891156463]",4.2,8,3.5425976538804105,10,0.12049722544690396,0.004470858832699542,0.16666666666666666
31de7beafe8e,"['gpt-4', 'high']","['model', 'semantic_distance']",888,151,100,72,5,4.754966887417218,176.8,30.2,26.0,0.21470132922529242,0.0023545738854021947,"[0.0031311523895883875, 0.00024409454030360767, 0.000416400339424694, 0.0009175005014877002]","[0.6622516556291391, 0.96, 0.9932885906040269, 1.0, 1.0]","[0.08609271523178808, 0.30666666666666664, 0.5973154362416108, 0.8243243243243243, 0.9387755102040817]",4.2,9,3.882594304759514,12,0.11304937017724868,0.006500850701057215,0.125
2abe415aa495,"['gpt-4', 'high']","['model', 'semantic_distance']",756,131,95,60,5,4.656488549618321,150.4,26.2,23.4,0.21580736411493376,0.010872565499155482,"[0.004889115309103936, 0.007005133253314089, 0.00011501207456482421, 0.009735870361328114]","[0.7251908396946565, 1.0, 1.0, 1.0, 1.0]","[0.0916030534351145, 0.3923076923076923, 0.6976744186046512, 0.890625, 0.968503937007874]",4.2,7,3.137026249224899,9,0.11995640714117821,0.004288780921774538,0.125
3d49aa12443f,"['gpt-4', 'high']","['model', 'semantic_distance']",879,155,103,73,5,4.535483870967742,175.0,31.0,25.2,0.2171544612270512,0.01003108514586204,"[0.0016548003343974937, 0.006843406032948279, 0.00720842245246181, 0.004355541471916496]","[0.6645161290322581, 0.9545454545454546, 0.9869281045751634, 1.0, 1.0]","[0.07741935483870968, 0.3116883116883117, 0.5816993464052288, 0.7631578947368421, 0.9072847682119205]",4.6,9,3.9730427870539486,13,0.13246537903521924,0.001594586697539646,0.14285714285714285
4f45ca91350a,"['gpt-4', 'high']","['model', 'semantic_distance']",754,132,96,55,5,4.590909090909091,150.0,26.4,23.4,0.2149657240620366,0.013980039855936058,"[0.0025767585733434684, 0.01008447988347691, 0.0034468435815402376, 0.0118519976735115]","[0.7272727272727273, 0.9847328244274809, 1.0, 1.0, 1.0]","[0.09090909090909091, 0.40458015267175573, 0.6923076923076923, 0.8837209302325582, 0.96875]",3.2,5,3.4202645300568464,10,0.12009524411343514,0.005972061027568865,0.125
fd61bce92b42,"['gpt-4', 'high']","['model', 'semantic_distance']",904,158,106,73,5,4.620253164556962,180.0,31.6,26.8,0.21677860372687038,0.014859995472934637,"[0.005662584226895001, 0.006239647014078753, 0.0025573664477893387, 0.01526039325710618]","[0.6708860759493671, 0.9681528662420382, 1.0, 1.0, 1.0]","[0.06962025316455696, 0.31210191082802546, 0.5769230769230769, 0.7741935483870968, 0.8831168831168831]",3.8,5,3.8828794522852537,12,0.12176725712228328,0.0023463016979012874,0.125
